11718396	'0'	9176	104	4775	9279	0	0	0	''	999999	'儈痊臍牬'	'2020-08-26 15:43:22'	'2020-08-26 00:00:00'	1	0	0	0	1	0	0	1	14	'0'	'0'	321	321	321	0	0	0	'             '	0	0	'0'	'0'	0	0	0	0	0	0	'             '	0	0	'0'	'0'	0	0	0	0	0	0	'             '	0	0	'0'	'0'	0	0	0	0	0	0	'             '	0	0	'0'	'0'	0	0	0	0	0	0	'             '	0	0	'0'	'0'	0	0	0	0	0	0	'             '	0	0	'0'	'0'	0	0	0	0	0	0	'             '	0	0	'0'	'0'	0	0	0	0	0	0	'             '	0	0	'0'	'0'	0	0	0	0	0	0	'             '	0	0	'0'	'0'	0	0	0	0	0	0	'             '	0	298	0	298	298	298	0	298	298	321	321	321	0	321	298	298	1	0	1	0	0.00	1	321	0	0	0	0	0	0	0	0	0	0	0	0	0	0	0	0	0	0	0	0	0	0	0	0	0	0	0	0	0	0	0	0	0	0	0	0	0	0	0	0	0	0	0	0	0	0	0	0	0	321	0	0	0	0	0	0	0	0	0	0	0	0	0	0	0	0	0	0	0	0	0	0	0	0	0	0	0	0	0	0	0	0	0	0	0	0	0	298	23	0	8.00	23	0	0	0	0.00	0	0	0	0	0.00	0	0	0	0	0.00	0	0	0	0	0.00	0	0	0	0	0.00	0	0	0	0	0.00	0	0	0	0	0.00	0	1	298	23	23	0	0	0	0	0	0	0	0	0	0	0	0	0	0	0	0	0	0	0	0	0	0	0	0	0	0	0	0	0	0	0	0	0	0	0	0	0	0	0	0	0	0	0	0	0	0	0	0	0	0	0	0	0	0	0	0	0	0	0	0	0	0	0	0	0	0	0	0	0	0	0	0	0	0	0	0	0	0	0	0	0	0	0	0	0	0	0	0	0	0	0	0	0	0	0	0	0	0	0	0	0	0	0	0	0	0	0	0	0	0	0	0	0	0	0	0	0	0	0	0	0	0	0	0	0	0	0	0	0	0	0	0	0	0	0	0	0	0	0	0	0	0	0	0	0	0	0	0	0	0	0	0	0	0	0	0	0	0	0	0	0	0	0	0	0	0	0	0	0	0	0	0	0	0	0	0	0	0	0	0	0	0	0	0	0	0	0	0	0	0	0	0	0	0	12	0	22	0	0	0	0	0	0	0	0	0	0	0	0	0	0	0	0	0	0	0	0	0	0	0	0	0	0	0	0	0	0	0	0	0	0	0	0	0	''	''	''	0	'0'	'0'	'0'	'0'	'0'	'0'	'0'	'0'	'0'	'0'	'0'	'0'	'0'	'0'	'                                                  '	'                                                  '	0	0	'       '	''	0	'0'	'0'	'0'	'0'	'0'	0	0	0	0	0	0	0	0	0	0	0.00	0.00	1	1	NULL	0	0	0	0	0	0	0	0	0	0	0	0	0	0	0	0	0	0	0	0	0	0	0	0	0	0	0	0	0	0	0	0	0	0	0	0	0	0	0	0	0	0	0	0	0	0.00	0	0	0	0	0	0	0	0	0	0	0	0	0	0	0	0	0	0	NULL	0	0	0	0	NULL	NULL	0	NULL	0	0	0	'0'	0	0	0	0	0	0	0	0	0	0	0	0	0	0	0	0	0	0	0	0	1	0	0	0	0	0	0	0	0	0	0	0	0	0	0	0	0	0	0	NULL	NULL	0	0	0	0	0	0	0	0	0	0	0	0	0	0	0	0	0	0	0	0	0	0	0	0	0	0	0	0	0	0	0	0	0	0	0	0	0	0	0	0	0	0	0	0	0	0	0	0	'                '	0	'             '	0	0	0	'             '	0	0	0	'             '	0	0	0	'             '	0	0	0	'             '	0	0	0	'             '	0	0	0	'             '	0	0	0	'             '	0	0	0	0	0	0	0	0	0	'0'	'      '	0	0	0	0	0	0	0	0	0	0	0	0	0	0	0	0	0	0	0	0	0	0	0	0	0	0	0	0	0	0	0	0	0	0	1	0	0	0	0	0	0	0	0	0	0	0	0	0	0	0	23	0	0	0	0	0	0	0	0	0	0	0	0	0	0	0	0	0	0	0	0	0	0	0	0	0	0	0	0	0	''	0	0	0	0	0	'                '	'                '	'                '	'                '	'                '	'                '	'                '	'                '	'                '	''	0	0	0	NULL
11718397	'0'	9176	104	4776	9280	0	0	0	''	999999	'儈痊臍牬'	'2020-08-26 15:44:49'	'2020-08-26 00:00:00'	1	0	0	0	1	0	0	1	14	'0'	'0'	311	311	311	0	0	0	'             '	0	0	'0'	'0'	0	0	0	0	0	0	'             '	0	0	'0'	'0'	0	0	0	0	0	0	'             '	0	0	'0'	'0'	0	0	0	0	0	0	'             '	0	0	'0'	'0'	0	0	0	0	0	0	'             '	0	0	'0'	'0'	0	0	0	0	0	0	'             '	0	0	'0'	'0'	0	0	0	0	0	0	'             '	0	0	'0'	'0'	0	0	0	0	0	0	'             '	0	0	'0'	'0'	0	0	0	0	0	0	'             '	0	0	'0'	'0'	0	0	0	0	0	0	'             '	0	288	0	288	288	288	0	288	288	311	311	311	0	311	288	288	1	0	1	0	0.00	1	311	0	0	0	0	0	0	0	0	0	0	0	0	0	0	0	0	0	0	0	0	0	0	0	0	0	0	0	0	0	0	0	0	0	0	0	0	0	0	0	0	0	0	0	0	0	0	0	0	0	311	0	0	0	0	0	0	0	0	0	0	0	0	0	0	0	0	0	0	0	0	0	0	0	0	0	0	0	0	0	0	0	0	0	0	0	0	0	288	23	0	8.00	23	0	0	0	0.00	0	0	0	0	0.00	0	0	0	0	0.00	0	0	0	0	0.00	0	0	0	0	0.00	0	0	0	0	0.00	0	0	0	0	0.00	0	1	288	23	23	0	0	0	0	0	0	0	0	0	0	0	0	0	0	0	0	0	0	0	0	0	0	0	0	0	0	0	0	0	0	0	0	0	0	0	0	0	0	0	0	0	0	0	0	0	0	0	0	0	0	0	0	0	0	0	0	0	0	0	0	0	0	0	0	0	0	0	0	0	0	0	0	0	0	0	1	10	0	0	0	0	0	0	0	0	0	0	0	0	0	0	0	0	0	0	0	0	0	0	0	0	0	0	0	0	0	0	0	0	0	0	0	0	0	0	0	0	0	0	0	0	0	0	0	0	0	0	0	0	0	0	0	0	0	0	0	0	0	0	0	0	0	0	0	0	0	0	0	0	0	0	0	0	0	0	0	0	0	0	0	0	0	0	0	0	0	0	0	0	0	0	0	0	0	0	0	0	0	0	0	0	0	0	0	0	0	0	0	0	0	0	0	0	0	15	0	44	0	0	0	0	0	0	0	0	0	0	0	0	0	0	0	0	0	0	0	0	0	0	0	0	0	0	0	0	0	0	0	0	0	0	0	0	0	''	''	''	0	'0'	'0'	'0'	'0'	'0'	'0'	'0'	'0'	'0'	'0'	'0'	'0'	'0'	'0'	'                                                  '	'                                                  '	0	0	'       '	''	0	'0'	'0'	'0'	'0'	'0'	0	0	0	0	0	0	0	0	0	0	0.00	0.00	1	1	NULL	0	0	0	0	0	0	0	0	0	0	0	0	0	0	0	0	0	0	0	0	0	0	0	0	0	0	0	0	0	0	0	0	0	0	0	0	0	0	0	0	0	0	0	0	0	0.00	0	0	0	0	0	0	0	0	0	0	0	0	0	0	0	0	0	0	NULL	0	0	0	0	NULL	NULL	0	NULL	0	0	0	'0'	0	0	0	0	0	0	0	0	0	0	0	0	0	0	0	0	0	0	0	0	1	0	0	0	0	0	0	0	0	0	0	0	0	0	0	0	0	0	0	NULL	NULL	0	0	0	0	0	0	0	0	0	0	0	0	0	0	0	0	0	0	0	0	0	0	0	0	0	0	0	0	0	0	0	0	0	0	0	0	0	0	0	0	0	0	0	0	0	0	0	0	'                '	0	'             '	0	0	0	'             '	0	0	0	'             '	0	0	0	'             '	0	0	0	'             '	0	0	0	'             '	0	0	0	'             '	0	0	0	'             '	0	0	0	0	0	0	0	0	0	'0'	'      '	0	0	0	0	0	0	0	0	0	0	0	0	0	0	0	0	0	0	0	0	0	0	0	0	0	0	0	0	0	0	0	0	0	0	1	0	0	0	0	0	0	0	0	0	0	0	0	0	0	0	23	0	0	0	0	0	0	0	0	0	0	0	0	0	0	0	0	0	0	0	0	0	0	0	0	0	0	0	0	0	''	0	0	0	0	0	'                '	'                '	'                '	'                '	'                '	'                '	'                '	'                '	'                '	''	0	0	0	NULL
11718398	'0'	9176	104	4777	9281	0	0	0	''	999999	'儈痊臍牬'	'2020-08-26 15:45:30'	'2020-08-26 00:00:00'	1	0	0	0	1	0	0	1	14	'0'	'0'	270	270	270	0	0	0	'             '	0	0	'0'	'0'	0	0	0	0	0	0	'             '	0	0	'0'	'0'	0	0	0	0	0	0	'             '	0	0	'0'	'0'	0	0	0	0	0	0	'             '	0	0	'0'	'0'	0	0	0	0	0	0	'             '	0	0	'0'	'0'	0	0	0	0	0	0	'             '	0	0	'0'	'0'	0	0	0	0	0	0	'             '	0	0	'0'	'0'	0	0	0	0	0	0	'             '	0	0	'0'	'0'	0	0	0	0	0	0	'             '	0	0	'0'	'0'	0	0	0	0	0	0	'             '	0	250	0	250	250	250	0	250	250	270	270	270	0	270	250	250	1	0	1	0	0.00	1	270	0	0	0	0	0	0	0	0	0	0	0	0	0	0	0	0	0	0	0	0	0	0	0	0	0	0	0	0	0	0	0	0	0	0	0	0	0	0	0	0	0	0	0	0	0	0	0	0	0	270	0	0	0	0	0	0	0	0	0	0	0	0	0	0	0	0	0	0	0	0	0	0	0	0	0	0	0	0	0	0	0	0	0	0	0	0	0	250	20	0	8.00	20	0	0	0	0.00	0	0	0	0	0.00	0	0	0	0	0.00	0	0	0	0	0.00	0	0	0	0	0.00	0	0	0	0	0.00	0	0	0	0	0.00	0	1	250	20	20	0	0	0	0	0	0	0	0	0	0	0	0	0	0	0	0	0	0	0	0	0	0	0	0	0	0	0	0	0	0	0	0	0	0	0	0	0	0	0	0	0	0	0	0	0	0	0	0	0	0	0	0	0	0	0	0	0	0	0	0	0	0	0	0	0	0	0	0	0	0	0	0	0	0	0	1	48	0	0	0	0	0	0	0	0	0	0	0	0	0	0	0	0	0	0	0	0	0	0	0	0	0	0	0	0	0	0	0	0	0	0	0	0	0	0	0	0	0	0	0	0	0	0	0	0	0	0	0	0	0	0	0	0	0	0	0	0	0	0	0	0	0	0	0	0	0	0	0	0	0	0	0	0	0	0	0	0	0	0	0	0	0	0	0	0	0	0	0	0	0	0	0	0	0	0	0	0	0	0	0	0	0	0	0	0	0	0	0	0	0	0	0	0	0	13	0	23	0	0	0	0	0	0	0	0	0	0	0	0	0	0	0	0	0	0	0	0	0	0	0	0	0	0	0	0	0	0	0	0	0	0	0	0	0	''	''	''	0	'0'	'0'	'0'	'0'	'0'	'0'	'0'	'0'	'0'	'0'	'0'	'0'	'0'	'0'	'                                                  '	'                                                  '	0	0	'       '	''	0	'0'	'0'	'0'	'0'	'0'	0	0	0	0	0	0	0	0	0	0	0.00	0.00	1	1	NULL	0	0	0	0	0	0	0	0	0	0	0	0	0	0	0	0	0	0	0	0	0	0	0	0	0	0	0	0	0	0	0	0	0	0	0	0	0	0	0	0	0	0	0	0	0	0.00	0	0	0	0	0	0	0	0	0	0	0	0	0	0	0	0	0	0	NULL	0	0	0	0	NULL	NULL	0	NULL	0	0	0	'0'	0	0	0	0	0	0	0	0	0	0	0	0	0	0	0	0	0	0	0	0	1	0	0	0	0	0	0	0	0	0	0	0	0	0	0	0	0	0	0	NULL	NULL	0	0	0	0	0	0	0	0	0	0	0	0	0	0	0	0	0	0	0	0	0	0	0	0	0	0	0	0	0	0	0	0	0	0	0	0	0	0	0	0	0	0	0	0	0	0	0	0	'                '	0	'             '	0	0	0	'             '	0	0	0	'             '	0	0	0	'             '	0	0	0	'             '	0	0	0	'             '	0	0	0	'             '	0	0	0	'             '	0	0	0	0	0	0	0	0	0	'0'	'      '	0	0	0	0	0	0	0	0	0	0	0	0	0	0	0	0	0	0	0	0	0	0	0	0	0	0	0	0	0	0	0	0	0	0	1	0	0	0	0	0	0	0	0	0	0	0	0	0	0	0	20	0	0	0	0	0	0	0	0	0	0	0	0	0	0	0	0	0	0	0	0	0	0	0	0	0	0	0	0	0	''	0	0	0	0	0	'                '	'                '	'                '	'                '	'                '	'                '	'                '	'                '	'                '	''	0	0	0	NULL
11718399	'0'	9176	104	4778	9282	0	0	0	''	999999	'儈痊臍牬'	'2020-08-26 15:46:29'	'2020-08-26 00:00:00'	1	0	0	0	1	1	0	1	14	'0'	'0'	540	540	540	0	0	0	'             '	0	0	'0'	'0'	0	0	0	0	0	0	'             '	0	0	'0'	'0'	0	0	0	0	0	0	'             '	0	0	'0'	'0'	0	0	0	0	0	0	'             '	0	0	'0'	'0'	0	0	0	0	0	0	'             '	0	0	'0'	'0'	0	0	0	0	0	0	'             '	0	0	'0'	'0'	0	0	0	0	0	0	'             '	0	0	'0'	'0'	0	0	0	0	0	0	'             '	0	0	'0'	'0'	0	0	0	0	0	0	'             '	0	0	'0'	'0'	0	0	0	0	0	0	'             '	0	596	0	500	500	500	0	500	500	540	540	540	0	540	500	500	1	0	2	0	0.00	1	540	0	0	0	0	0	0	0	0	0	0	0	0	0	0	0	0	0	0	0	0	0	0	0	0	0	0	0	0	0	0	0	0	0	0	0	0	0	0	0	0	0	0	0	0	0	0	0	0	0	540	0	0	0	0	0	0	0	0	0	0	0	0	0	0	0	0	0	0	0	0	0	0	0	0	0	0	0	0	0	0	0	0	0	0	0	0	0	500	40	0	8.00	40	0	0	0	0.00	0	0	0	0	0.00	0	0	0	0	0.00	0	0	0	0	0.00	0	0	0	0	0.00	0	0	0	0	0.00	0	0	0	0	0.00	0	2	500	40	40	0	0	0	0	0	0	0	0	0	0	0	0	0	0	0	0	0	0	0	0	0	0	0	0	0	0	0	0	0	0	0	0	0	0	0	0	0	0	0	0	0	0	0	0	0	0	0	0	0	0	0	0	0	0	0	0	0	0	0	0	0	0	0	0	0	0	0	96	0	0	0	0	0	0	0	0	0	0	0	0	0	0	0	0	0	0	0	0	0	0	0	0	0	0	0	0	0	0	0	0	0	0	0	0	0	0	0	0	0	0	0	0	0	0	0	0	0	0	0	0	0	0	0	0	0	0	0	0	0	0	0	0	0	0	0	0	0	0	0	0	0	0	0	0	0	0	0	0	0	0	0	0	0	0	0	0	0	0	0	0	0	0	0	0	0	0	0	0	0	0	0	0	0	0	0	0	0	0	0	0	0	0	0	0	0	0	0	0	0	0	0	0	0	0	32	0	26	0	0	0	0	0	0	0	0	0	0	0	0	0	0	0	0	0	0	0	0	0	0	0	0	0	0	0	0	0	0	0	0	0	0	0	0	0	''	''	''	0	'0'	'0'	'0'	'0'	'0'	'0'	'0'	'0'	'0'	'0'	'0'	'0'	'0'	'0'	'                                                  '	'                                                  '	0	0	'       '	''	0	'0'	'0'	'0'	'0'	'0'	0	0	0	0	0	0	0	0	0	0	0.00	0.00	1	1	NULL	0	0	0	0	0	0	0	0	0	0	0	0	0	0	0	0	0	0	0	0	0	0	0	0	0	0	0	0	0	0	0	0	0	0	0	0	0	0	0	0	0	0	0	0	0	0.00	0	0	0	0	0	0	0	0	0	0	0	0	0	0	0	0	0	0	NULL	0	0	0	0	NULL	NULL	0	NULL	0	0	0	'0'	0	0	0	0	0	0	0	0	0	0	0	0	0	0	0	0	0	0	0	0	1	0	0	0	0	0	0	0	0	0	0	0	0	0	0	0	0	0	0	NULL	NULL	0	0	0	0	0	0	0	0	0	0	0	0	0	0	0	0	0	0	0	0	0	0	0	0	0	0	0	0	0	0	0	0	0	0	0	0	0	0	0	0	0	0	0	0	0	0	0	0	'                '	0	'             '	0	0	0	'             '	0	0	0	'             '	0	0	0	'             '	0	0	0	'             '	0	0	0	'             '	0	0	0	'             '	0	0	0	'             '	0	0	0	0	0	0	0	0	0	'0'	'      '	0	0	0	0	0	0	0	0	0	0	0	0	0	0	0	0	0	0	0	0	0	0	0	0	0	0	0	0	0	0	0	0	0	0	1	0	0	0	0	0	0	0	0	0	0	0	0	0	0	0	40	0	0	0	0	0	0	0	0	0	0	0	0	0	0	0	0	0	0	0	0	0	0	0	0	0	0	0	0	0	''	0	0	0	0	0	'                '	'                '	'                '	'                '	'                '	'                '	'                '	'                '	'                '	''	0	0	0	NULL
11718400	'0'	9176	104	4779	9283	0	0	0	''	999999	'儈痊臍牬'	'2020-08-26 15:47:35'	'2020-08-26 00:00:00'	1	0	0	0	1	0	0	1	14	'0'	'0'	311	311	311	0	0	0	'             '	0	0	'0'	'0'	0	0	0	0	0	0	'             '	0	0	'0'	'0'	0	0	0	0	0	0	'             '	0	0	'0'	'0'	0	0	0	0	0	0	'             '	0	0	'0'	'0'	0	0	0	0	0	0	'             '	0	0	'0'	'0'	0	0	0	0	0	0	'             '	0	0	'0'	'0'	0	0	0	0	0	0	'             '	0	0	'0'	'0'	0	0	0	0	0	0	'             '	0	0	'0'	'0'	0	0	0	0	0	0	'             '	0	0	'0'	'0'	0	0	0	0	0	0	'             '	0	288	0	288	288	288	0	288	288	311	311	311	0	311	288	288	1	0	1	0	0.00	1	311	0	0	0	0	0	0	0	0	0	0	0	0	0	0	0	0	0	0	0	0	0	0	0	0	0	0	0	0	0	0	0	0	0	0	0	0	0	0	0	0	0	0	0	0	0	0	0	0	0	311	0	0	0	0	0	0	0	0	0	0	0	0	0	0	0	0	0	0	0	0	0	0	0	0	0	0	0	0	0	0	0	0	0	0	0	0	0	288	23	0	8.00	23	0	0	0	0.00	0	0	0	0	0.00	0	0	0	0	0.00	0	0	0	0	0.00	0	0	0	0	0.00	0	0	0	0	0.00	0	0	0	0	0.00	0	1	288	23	23	0	0	0	0	0	0	0	0	0	0	0	0	0	1	10	1	10	0	0	0	0	0	0	1	10	0	0	0	0	0	0	0	0	0	0	0	0	0	0	0	0	0	0	0	0	0	0	0	0	0	0	0	0	0	0	0	0	0	0	0	0	0	0	0	0	0	0	0	0	0	0	0	0	0	0	0	0	0	0	0	0	0	0	0	0	0	0	0	0	0	0	0	0	0	0	0	0	0	0	0	0	0	0	0	0	0	0	0	0	0	0	0	0	0	0	0	0	0	0	0	0	0	0	0	0	0	0	0	0	0	0	0	0	0	0	0	0	0	0	0	0	0	0	0	0	0	0	0	0	0	0	0	0	0	0	0	0	0	0	0	0	0	0	0	0	0	0	0	0	0	0	0	0	0	0	0	0	0	0	0	0	0	0	0	0	0	0	0	0	0	0	0	0	0	12	0	36	0	0	0	0	0	0	0	0	0	0	0	0	0	0	0	0	0	0	0	0	0	0	0	0	0	0	0	0	0	0	0	0	0	0	0	0	0	''	''	''	0	'0'	'0'	'0'	'0'	'0'	'0'	'0'	'0'	'0'	'0'	'0'	'0'	'0'	'0'	'                                                  '	'                                                  '	0	0	'       '	''	0	'0'	'0'	'0'	'0'	'0'	0	0	0	0	0	0	0	0	0	0	0.00	0.00	1	1	NULL	0	0	0	0	0	0	0	0	0	0	0	0	0	0	0	0	0	0	0	0	0	0	0	0	0	0	0	0	0	0	0	0	0	0	0	0	0	0	0	0	0	0	0	0	0	0.00	0	0	0	0	0	0	0	0	0	0	0	0	0	0	0	0	0	0	NULL	0	0	0	0	NULL	NULL	0	NULL	0	0	0	'0'	0	0	0	0	0	0	0	0	0	0	0	0	0	0	0	0	0	0	0	0	1	0	0	0	0	0	0	0	0	0	0	0	0	0	0	0	0	0	0	NULL	NULL	0	0	0	0	0	0	0	0	0	0	0	0	0	0	0	0	0	0	0	0	0	0	0	0	0	0	0	0	0	0	0	0	0	0	0	0	0	0	0	0	0	0	0	0	0	0	0	0	'                '	0	'             '	0	0	0	'             '	0	0	0	'             '	0	0	0	'             '	0	0	0	'             '	0	0	0	'             '	0	0	0	'             '	0	0	0	'             '	0	0	0	0	0	0	0	0	0	'0'	'      '	0	0	0	0	0	0	0	0	0	0	0	0	0	0	0	0	0	0	0	0	0	0	0	0	0	0	0	0	0	0	0	0	0	0	1	0	0	0	0	0	0	0	0	0	0	0	0	0	0	0	23	0	0	0	0	0	0	0	0	0	0	0	0	0	0	0	0	0	0	0	0	0	0	0	0	0	0	0	0	0	''	0	0	0	0	0	'                '	'                '	'                '	'                '	'                '	'                '	'                '	'                '	'                '	''	0	0	0	NULL
11718401	'0'	9176	104	4780	9284	0	0	0	''	999999	'儈痊臍牬'	'2020-08-26 15:47:51'	'2020-08-26 00:00:00'	1	0	0	0	1	0	0	1	14	'0'	'0'	270	270	270	0	0	0	'             '	0	0	'0'	'0'	0	0	0	0	0	0	'             '	0	0	'0'	'0'	0	0	0	0	0	0	'             '	0	0	'0'	'0'	0	0	0	0	0	0	'             '	0	0	'0'	'0'	0	0	0	0	0	0	'             '	0	0	'0'	'0'	0	0	0	0	0	0	'             '	0	0	'0'	'0'	0	0	0	0	0	0	'             '	0	0	'0'	'0'	0	0	0	0	0	0	'             '	0	0	'0'	'0'	0	0	0	0	0	0	'             '	0	0	'0'	'0'	0	0	0	0	0	0	'             '	0	298	0	250	250	250	0	250	250	270	270	270	0	270	250	250	1	0	1	0	0.00	1	270	0	0	0	0	0	0	0	0	0	0	0	0	0	0	0	0	0	0	0	0	0	0	0	0	0	0	0	0	0	0	0	0	0	0	0	0	0	0	0	0	0	0	0	0	0	0	0	0	0	270	0	0	0	0	0	0	0	0	0	0	0	0	0	0	0	0	0	0	0	0	0	0	0	0	0	0	0	0	0	0	0	0	0	0	0	0	0	250	20	0	8.00	20	0	0	0	0.00	0	0	0	0	0.00	0	0	0	0	0.00	0	0	0	0	0.00	0	0	0	0	0.00	0	0	0	0	0.00	0	0	0	0	0.00	0	1	250	20	20	0	0	0	0	0	0	0	0	0	0	0	0	0	0	0	0	0	0	0	0	0	0	0	0	0	0	0	0	0	0	0	0	0	0	0	0	0	0	0	1	48	0	0	0	0	0	0	0	0	0	0	0	0	0	0	0	0	0	0	0	0	0	0	0	0	0	0	0	0	0	0	0	0	0	0	0	0	0	0	0	0	0	0	0	0	0	0	0	0	0	0	0	0	0	0	0	0	0	0	0	0	0	0	0	0	0	0	0	0	0	0	0	0	0	0	0	0	0	0	0	0	0	0	0	0	0	0	0	0	0	0	0	0	0	0	0	0	0	0	0	0	0	0	0	0	0	0	0	0	0	0	0	0	0	0	0	0	0	0	0	0	0	0	0	0	0	0	0	0	0	0	0	0	0	0	0	0	0	0	0	0	0	0	0	0	0	0	0	0	0	0	0	0	0	13	0	24	0	0	0	0	0	0	0	0	0	0	0	0	0	0	0	0	0	0	0	0	0	0	0	0	0	0	0	0	0	0	0	0	0	0	0	0	0	''	''	''	0	'0'	'0'	'0'	'0'	'0'	'0'	'0'	'0'	'0'	'0'	'0'	'0'	'0'	'0'	'                                                  '	'                                                  '	0	0	'       '	''	0	'0'	'0'	'0'	'0'	'0'	0	0	0	0	0	0	0	0	0	0	0.00	0.00	1	1	NULL	0	0	0	0	0	0	0	0	0	0	0	0	0	0	0	0	0	0	0	0	0	0	0	0	0	0	0	0	0	0	0	0	0	0	0	0	0	0	0	0	0	0	0	0	0	0.00	0	0	0	0	0	0	0	0	0	0	0	0	0	0	0	0	0	0	NULL	0	0	0	0	NULL	NULL	0	NULL	0	0	0	'0'	0	0	0	0	0	0	0	0	0	0	0	0	0	0	0	0	0	0	0	0	1	0	0	0	0	0	0	0	0	0	0	0	0	0	0	0	0	0	0	NULL	NULL	0	0	0	0	0	0	0	0	0	0	0	0	0	0	0	0	0	0	0	0	0	0	0	0	0	0	0	0	0	0	0	0	0	0	0	0	0	0	0	0	0	0	0	0	0	0	0	0	'                '	0	'             '	0	0	0	'             '	0	0	0	'             '	0	0	0	'             '	0	0	0	'             '	0	0	0	'             '	0	0	0	'             '	0	0	0	'             '	0	0	0	0	0	0	0	0	0	'0'	'      '	0	0	0	0	0	0	0	0	0	0	0	0	0	0	0	0	0	0	0	0	0	0	0	0	0	0	0	0	0	0	0	0	0	0	1	0	0	0	0	0	0	0	0	0	0	0	0	0	0	0	20	0	0	0	0	0	0	0	0	0	0	0	0	0	0	0	0	0	0	0	0	0	0	0	0	0	0	0	0	0	''	0	0	0	0	0	'                '	'                '	'                '	'                '	'                '	'                '	'                '	'                '	'                '	''	0	0	0	NULL
11718402	'0'	9176	104	4781	9285	0	0	0	''	999999	'儈痊臍牬'	'2020-08-26 15:48:17'	'2020-08-26 00:00:00'	1	0	0	0	1	0	0	1	14	'0'	'0'	298	298	298	0	0	0	'             '	0	0	'0'	'0'	0	0	0	0	0	0	'             '	0	0	'0'	'0'	0	0	0	0	0	0	'             '	0	0	'0'	'0'	0	0	0	0	0	0	'             '	0	0	'0'	'0'	0	0	0	0	0	0	'             '	0	0	'0'	'0'	0	0	0	0	0	0	'             '	0	0	'0'	'0'	0	0	0	0	0	0	'             '	0	0	'0'	'0'	0	0	0	0	0	0	'             '	0	0	'0'	'0'	0	0	0	0	0	0	'             '	0	0	'0'	'0'	0	0	0	0	0	0	'             '	0	276	0	276	276	276	0	276	276	298	298	298	0	298	276	276	1	0	1	0	0.00	1	298	0	0	0	0	0	0	0	0	0	0	0	0	0	0	0	0	0	0	0	0	0	0	0	0	0	0	0	0	0	0	0	0	0	0	0	0	0	0	0	0	0	0	0	0	0	0	0	0	0	298	0	0	0	0	0	0	0	0	0	0	0	0	0	0	0	0	0	0	0	0	0	0	0	0	0	0	0	0	0	0	0	0	0	0	0	0	0	276	22	0	8.00	22	0	0	0	0.00	0	0	0	0	0.00	0	0	0	0	0.00	0	0	0	0	0.00	0	0	0	0	0.00	0	0	0	0	0.00	0	0	0	0	0.00	0	1	276	22	22	0	0	0	0	0	0	0	0	0	0	0	0	0	1	10	1	10	0	0	0	0	0	0	1	10	0	0	0	0	0	0	0	0	0	0	0	0	0	0	0	0	0	0	0	0	0	0	0	0	0	0	0	0	0	0	0	0	0	0	0	0	0	0	0	0	0	0	0	0	0	0	0	0	0	0	0	0	0	0	0	0	0	0	0	0	0	0	0	0	0	0	0	0	0	0	0	0	0	0	0	0	0	0	0	0	0	0	0	0	0	0	0	0	0	0	0	0	0	0	0	0	0	0	0	0	0	0	0	0	0	0	0	0	0	0	0	0	0	0	0	0	0	0	0	0	0	0	0	0	0	0	0	0	0	0	0	0	0	0	0	0	0	0	0	0	0	0	0	0	0	0	0	0	0	0	0	0	0	0	0	0	0	0	0	0	0	0	0	0	0	0	0	0	0	13	0	50	0	0	0	0	0	0	0	0	0	0	0	0	0	0	0	0	0	0	0	0	0	0	0	0	0	0	0	0	0	0	0	0	0	0	0	0	0	''	''	''	0	'0'	'0'	'0'	'0'	'0'	'0'	'0'	'0'	'0'	'0'	'0'	'0'	'0'	'0'	'                                                  '	'                                                  '	0	0	'       '	''	0	'0'	'0'	'0'	'0'	'0'	0	0	0	0	0	0	0	0	0	0	0.00	0.00	1	1	NULL	0	0	0	0	0	0	0	0	0	0	0	0	0	0	0	0	0	0	0	0	0	0	0	0	0	0	0	0	0	0	0	0	0	0	0	0	0	0	0	0	0	0	0	0	0	0.00	0	0	0	0	0	0	0	0	0	0	0	0	0	0	0	0	0	0	NULL	0	0	0	0	NULL	NULL	0	NULL	0	0	0	'0'	0	0	0	0	0	0	0	0	0	0	0	0	0	0	0	0	0	0	0	0	1	0	0	0	0	0	0	0	0	0	0	0	0	0	0	0	0	0	0	NULL	NULL	0	0	0	0	0	0	0	0	0	0	0	0	0	0	0	0	0	0	0	0	0	0	0	0	0	0	0	0	0	0	0	0	0	0	0	0	0	0	0	0	0	0	0	0	0	0	0	0	'                '	0	'             '	0	0	0	'             '	0	0	0	'             '	0	0	0	'             '	0	0	0	'             '	0	0	0	'             '	0	0	0	'             '	0	0	0	'             '	0	0	0	0	0	0	0	0	0	'0'	'      '	0	0	0	0	0	0	0	0	0	0	0	0	0	0	0	0	0	0	0	0	0	0	0	0	0	0	0	0	0	0	0	0	0	0	1	0	0	0	0	0	0	0	0	0	0	0	0	0	0	0	22	0	0	0	0	0	0	0	0	0	0	0	0	0	0	0	0	0	0	0	0	0	0	0	0	0	0	0	0	0	''	0	0	0	0	0	'                '	'                '	'                '	'                '	'                '	'                '	'                '	'                '	'                '	''	0	0	0	NULL
11718403	'0'	9176	104	4782	9286	0	0	0	''	999999	'儈痊臍牬'	'2020-08-26 15:48:32'	'2020-08-26 00:00:00'	1	0	0	0	1	0	0	1	14	'0'	'0'	7333	7333	7333	0	0	0	'             '	0	0	'0'	'0'	0	0	0	0	0	0	'             '	0	0	'0'	'0'	0	0	0	0	0	0	'             '	0	0	'0'	'0'	0	0	0	0	0	0	'             '	0	0	'0'	'0'	0	0	0	0	0	0	'             '	0	0	'0'	'0'	0	0	0	0	0	0	'             '	0	0	'0'	'0'	0	0	0	0	0	0	'             '	0	0	'0'	'0'	0	0	0	0	0	0	'             '	0	0	'0'	'0'	0	0	0	0	0	0	'             '	0	0	'0'	'0'	0	0	0	0	0	0	'             '	0	6790	0	6790	6790	6790	0	6790	6790	7333	7333	7333	0	7333	6790	6790	1	0	1	0	0.00	1	7333	0	0	0	0	0	0	0	0	0	0	0	0	0	0	0	0	0	0	0	0	0	0	0	0	0	0	0	0	0	0	0	0	0	0	0	0	0	0	0	0	0	0	0	0	0	0	0	0	0	7333	0	0	0	0	0	0	0	0	0	0	0	0	0	0	0	0	0	0	0	0	0	0	0	0	0	0	0	0	0	0	0	0	0	0	0	0	0	6790	543	0	8.00	543	0	0	0	0.00	0	0	0	0	0.00	0	0	0	0	0.00	0	0	0	0	0.00	0	0	0	0	0.00	0	0	0	0	0.00	0	0	0	0	0.00	0	1	6790	543	543	0	0	0	0	0	0	0	0	0	0	0	0	0	1	10	1	10	0	0	0	0	0	0	1	10	0	0	0	0	0	0	0	0	0	0	0	0	0	0	0	0	0	0	0	0	0	0	0	0	0	0	0	0	0	0	0	0	0	0	0	0	0	0	0	0	0	0	0	0	0	0	0	0	0	0	0	0	0	0	0	0	0	0	0	0	0	0	0	0	0	0	0	0	0	0	0	0	0	0	0	0	0	0	0	0	0	0	0	0	0	0	0	0	0	0	0	0	0	0	0	0	0	0	0	0	0	0	0	0	0	0	0	0	0	0	0	0	0	0	0	0	0	0	0	0	0	0	0	0	0	0	0	0	0	0	0	0	0	0	0	0	0	0	0	0	0	0	0	0	0	0	0	0	0	0	0	0	0	0	0	0	0	0	0	0	0	0	0	0	0	0	0	0	0	10	0	83	0	0	0	0	0	0	0	0	0	0	0	0	0	0	0	0	0	0	0	0	0	0	0	0	0	0	0	0	0	0	0	0	0	0	0	0	0	''	''	''	0	'0'	'0'	'0'	'0'	'0'	'0'	'0'	'0'	'0'	'0'	'0'	'0'	'0'	'0'	'                                                  '	'                                                  '	0	0	'       '	''	0	'0'	'0'	'0'	'0'	'0'	0	0	0	0	0	0	0	0	0	0	0.00	0.00	1	1	NULL	0	0	0	0	0	0	0	0	0	0	0	0	0	0	0	0	0	0	0	0	0	0	0	0	0	0	0	0	0	0	0	0	0	0	0	0	0	0	0	0	0	0	0	0	0	0.00	0	0	0	0	0	0	0	0	0	0	0	0	0	0	0	0	0	0	NULL	0	0	0	0	NULL	NULL	0	NULL	0	0	0	'0'	0	0	0	0	0	0	0	0	0	0	0	0	0	0	0	0	0	0	0	0	1	0	0	0	0	0	0	0	0	0	0	0	0	0	0	0	0	0	0	NULL	NULL	0	0	0	0	0	0	0	0	0	0	0	0	0	0	0	0	0	0	0	0	0	0	0	0	0	0	0	0	0	0	0	0	0	0	0	0	0	0	0	0	0	0	0	0	0	0	0	0	'                '	0	'             '	0	0	0	'             '	0	0	0	'             '	0	0	0	'             '	0	0	0	'             '	0	0	0	'             '	0	0	0	'             '	0	0	0	'             '	0	0	0	0	0	0	0	0	0	'0'	'      '	0	0	0	0	0	0	0	0	0	0	0	0	0	0	0	0	0	0	0	0	0	0	0	0	0	0	0	0	0	0	0	0	0	0	1	0	0	0	0	0	0	0	0	0	0	0	0	0	0	0	543	0	0	0	0	0	0	0	0	0	0	0	0	0	0	0	0	0	0	0	0	0	0	0	0	0	0	0	0	0	''	0	0	0	0	0	'                '	'                '	'                '	'                '	'                '	'                '	'                '	'                '	'                '	''	0	0	0	NULL
11718404	'0'	9176	104	4783	9287	0	0	0	''	999999	'儈痊臍牬'	'2020-08-26 16:04:21'	'2020-08-26 00:00:00'	1	0	0	0	1	0	0	1	14	'0'	'0'	321	321	321	0	0	0	'             '	0	0	'0'	'0'	0	0	0	0	0	0	'             '	0	0	'0'	'0'	0	0	0	0	0	0	'             '	0	0	'0'	'0'	0	0	0	0	0	0	'             '	0	0	'0'	'0'	0	0	0	0	0	0	'             '	0	0	'0'	'0'	0	0	0	0	0	0	'             '	0	0	'0'	'0'	0	0	0	0	0	0	'             '	0	0	'0'	'0'	0	0	0	0	0	0	'             '	0	0	'0'	'0'	0	0	0	0	0	0	'             '	0	0	'0'	'0'	0	0	0	0	0	0	'             '	0	298	0	298	298	298	0	298	298	321	321	321	0	321	298	298	1	0	1	0	0.00	1	321	0	0	0	0	0	0	0	0	0	0	0	0	0	0	0	0	0	0	0	0	0	0	0	0	0	0	0	0	0	0	0	0	0	0	0	0	0	0	0	0	0	0	0	0	0	0	0	0	0	321	0	0	0	0	0	0	0	0	0	0	0	0	0	0	0	0	0	0	0	0	0	0	0	0	0	0	0	0	0	0	0	0	0	0	0	0	0	298	23	0	8.00	23	0	0	0	0.00	0	0	0	0	0.00	0	0	0	0	0.00	0	0	0	0	0.00	0	0	0	0	0.00	0	0	0	0	0.00	0	0	0	0	0.00	0	1	298	23	23	0	0	0	0	0	0	0	0	0	0	0	0	0	0	0	0	0	0	0	0	0	0	0	0	0	0	0	0	0	0	0	0	0	0	0	0	0	0	0	0	0	0	0	0	0	0	0	0	0	0	0	0	0	0	0	0	0	0	0	0	0	0	0	0	0	0	0	0	0	0	0	0	0	0	0	0	0	0	0	0	0	0	0	0	0	0	0	0	0	0	0	0	0	0	0	0	0	0	0	0	0	0	0	0	0	0	0	0	0	0	0	0	0	0	0	0	0	0	0	0	0	0	0	0	0	0	0	0	0	0	0	0	0	0	0	0	0	0	0	0	0	0	0	0	0	0	0	0	0	0	0	0	0	0	0	0	0	0	0	0	0	0	0	0	0	0	0	0	0	0	0	0	0	0	0	0	0	0	0	0	0	0	0	0	0	0	0	0	0	0	0	0	0	0	2005	34	22	0	0	0	0	0	0	0	0	0	0	0	0	0	0	0	0	0	0	0	0	0	0	0	0	0	0	0	0	0	0	0	0	0	0	0	0	0	''	''	''	0	'0'	'0'	'0'	'0'	'0'	'0'	'0'	'0'	'0'	'0'	'0'	'0'	'0'	'0'	'                                                  '	'                                                  '	0	0	'       '	''	0	'0'	'0'	'0'	'0'	'0'	0	0	0	0	0	0	0	0	0	0	0.00	0.00	1	1	NULL	0	0	0	0	0	0	0	0	0	0	0	0	0	0	0	0	0	0	0	0	0	0	0	0	0	0	0	0	0	0	0	0	0	0	0	0	0	0	0	0	0	0	0	0	0	0.00	0	0	0	0	0	0	0	0	0	0	0	0	0	0	0	0	0	0	NULL	0	0	0	0	NULL	NULL	0	NULL	0	0	0	'0'	0	0	0	0	0	0	0	0	0	0	0	0	0	0	0	0	0	0	0	0	1	0	0	0	0	0	0	0	0	0	0	0	0	0	0	0	0	0	0	NULL	NULL	0	0	0	0	0	0	0	0	0	0	0	0	0	0	0	0	0	0	0	0	0	0	0	0	0	0	0	0	0	0	0	0	0	0	0	0	0	0	0	0	0	0	0	0	0	0	0	0	'                '	0	'             '	0	0	0	'             '	0	0	0	'             '	0	0	0	'             '	0	0	0	'             '	0	0	0	'             '	0	0	0	'             '	0	0	0	'             '	0	0	0	0	0	0	0	0	0	'0'	'      '	0	0	0	0	0	0	0	0	0	0	0	0	0	0	0	0	0	0	0	0	0	0	0	0	0	0	0	0	0	0	0	0	0	0	1	0	0	0	0	0	0	0	0	0	0	0	0	0	0	0	23	0	0	0	0	0	0	0	0	0	0	0	0	0	0	0	0	0	0	0	0	0	0	0	0	0	0	0	0	0	''	0	0	0	0	0	'                '	'                '	'                '	'                '	'                '	'                '	'                '	'                '	'                '	''	0	0	0	NULL
11718405	'0'	9176	104	4784	9288	0	0	0	''	999999	'儈痊臍牬'	'2020-08-26 16:07:20'	'2020-08-26 00:00:00'	1	0	0	0	1	0	0	1	14	'0'	'0'	311	311	311	0	0	0	'             '	0	0	'0'	'0'	0	0	0	0	0	0	'             '	0	0	'0'	'0'	0	0	0	0	0	0	'             '	0	0	'0'	'0'	0	0	0	0	0	0	'             '	0	0	'0'	'0'	0	0	0	0	0	0	'             '	0	0	'0'	'0'	0	0	0	0	0	0	'             '	0	0	'0'	'0'	0	0	0	0	0	0	'             '	0	0	'0'	'0'	0	0	0	0	0	0	'             '	0	0	'0'	'0'	0	0	0	0	0	0	'             '	0	0	'0'	'0'	0	0	0	0	0	0	'             '	0	288	0	288	288	288	0	288	288	311	311	311	0	311	288	288	1	0	1	0	0.00	1	311	0	0	0	0	0	0	0	0	0	0	0	0	0	0	0	0	0	0	0	0	0	0	0	0	0	0	0	0	0	0	0	0	0	0	0	0	0	0	0	0	0	0	0	0	0	0	0	0	0	311	0	0	0	0	0	0	0	0	0	0	0	0	0	0	0	0	0	0	0	0	0	0	0	0	0	0	0	0	0	0	0	0	0	0	0	0	0	288	23	0	8.00	23	0	0	0	0.00	0	0	0	0	0.00	0	0	0	0	0.00	0	0	0	0	0.00	0	0	0	0	0.00	0	0	0	0	0.00	0	0	0	0	0.00	0	1	288	23	23	0	0	0	0	0	0	0	0	0	0	0	0	0	0	0	0	0	0	0	0	0	0	0	0	0	0	0	0	0	0	0	0	0	0	0	0	0	0	0	0	0	0	0	0	0	0	0	0	0	0	0	0	0	0	0	0	0	0	0	0	0	0	0	0	0	0	0	0	0	0	0	0	0	0	0	1	10	0	0	0	0	0	0	0	0	0	0	0	0	0	0	0	0	0	0	0	0	0	0	0	0	0	0	0	0	0	0	0	0	0	0	0	0	0	0	0	0	0	0	0	0	0	0	0	0	0	0	0	0	0	0	0	0	0	0	0	0	0	0	0	0	0	0	0	0	0	0	0	0	0	0	0	0	0	0	0	0	0	0	0	0	0	0	0	0	0	0	0	0	0	0	0	0	0	0	0	0	0	0	0	0	0	0	0	0	0	0	0	0	0	0	0	0	0	23	0	20	0	0	0	0	0	0	0	0	0	0	0	0	0	0	0	0	0	0	0	0	0	0	0	0	0	0	0	0	0	0	0	0	0	0	0	0	0	''	''	''	0	'0'	'0'	'0'	'0'	'0'	'0'	'0'	'0'	'0'	'0'	'0'	'0'	'0'	'0'	'                                                  '	'                                                  '	0	0	'       '	''	0	'0'	'0'	'0'	'0'	'0'	0	0	0	0	0	0	0	0	0	0	0.00	0.00	1	1	NULL	0	0	0	0	0	0	0	0	0	0	0	0	0	0	0	0	0	0	0	0	0	0	0	0	0	0	0	0	0	0	0	0	0	0	0	0	0	0	0	0	0	0	0	0	0	0.00	0	0	0	0	0	0	0	0	0	0	0	0	0	0	0	0	0	0	NULL	0	0	0	0	NULL	NULL	0	NULL	0	0	0	'0'	0	0	0	0	0	0	0	0	0	0	0	0	0	0	0	0	0	0	0	0	1	0	0	0	0	0	0	0	0	0	0	0	0	0	0	0	0	0	0	NULL	NULL	0	0	0	0	0	0	0	0	0	0	0	0	0	0	0	0	0	0	0	0	0	0	0	0	0	0	0	0	0	0	0	0	0	0	0	0	0	0	0	0	0	0	0	0	0	0	0	0	'                '	0	'             '	0	0	0	'             '	0	0	0	'             '	0	0	0	'             '	0	0	0	'             '	0	0	0	'             '	0	0	0	'             '	0	0	0	'             '	0	0	0	0	0	0	0	0	0	'0'	'      '	0	0	0	0	0	0	0	0	0	0	0	0	0	0	0	0	0	0	0	0	0	0	0	0	0	0	0	0	0	0	0	0	0	0	1	0	0	0	0	0	0	0	0	0	0	0	0	0	0	0	23	0	0	0	0	0	0	0	0	0	0	0	0	0	0	0	0	0	0	0	0	0	0	0	0	0	0	0	0	0	''	0	0	0	0	0	'                '	'                '	'                '	'                '	'                '	'                '	'                '	'                '	'                '	''	0	0	0	NULL
11718406	'0'	9176	104	4785	9289	0	0	0	''	999999	'儈痊臍牬'	'2020-08-26 16:08:12'	'2020-08-26 00:00:00'	1	0	0	0	1	0	0	1	14	'0'	'0'	270	270	270	0	0	0	'             '	0	0	'0'	'0'	0	0	0	0	0	0	'             '	0	0	'0'	'0'	0	0	0	0	0	0	'             '	0	0	'0'	'0'	0	0	0	0	0	0	'             '	0	0	'0'	'0'	0	0	0	0	0	0	'             '	0	0	'0'	'0'	0	0	0	0	0	0	'             '	0	0	'0'	'0'	0	0	0	0	0	0	'             '	0	0	'0'	'0'	0	0	0	0	0	0	'             '	0	0	'0'	'0'	0	0	0	0	0	0	'             '	0	0	'0'	'0'	0	0	0	0	0	0	'             '	0	250	0	250	250	250	0	250	250	270	270	270	0	270	250	250	1	0	1	0	0.00	1	270	0	0	0	0	0	0	0	0	0	0	0	0	0	0	0	0	0	0	0	0	0	0	0	0	0	0	0	0	0	0	0	0	0	0	0	0	0	0	0	0	0	0	0	0	0	0	0	0	0	270	0	0	0	0	0	0	0	0	0	0	0	0	0	0	0	0	0	0	0	0	0	0	0	0	0	0	0	0	0	0	0	0	0	0	0	0	0	250	20	0	8.00	20	0	0	0	0.00	0	0	0	0	0.00	0	0	0	0	0.00	0	0	0	0	0.00	0	0	0	0	0.00	0	0	0	0	0.00	0	0	0	0	0.00	0	1	250	20	20	0	0	0	0	0	0	0	0	0	0	0	0	0	0	0	0	0	0	0	0	0	0	0	0	0	0	0	0	0	0	0	0	0	0	0	0	0	0	0	0	0	0	0	0	0	0	0	0	0	0	0	0	0	0	0	0	0	0	0	0	0	0	0	0	0	0	0	0	0	0	0	0	0	0	0	1	48	0	0	0	0	0	0	0	0	0	0	0	0	0	0	0	0	0	0	0	0	0	0	0	0	0	0	0	0	0	0	0	0	0	0	0	0	0	0	0	0	0	0	0	0	0	0	0	0	0	0	0	0	0	0	0	0	0	0	0	0	0	0	0	0	0	0	0	0	0	0	0	0	0	0	0	0	0	0	0	0	0	0	0	0	0	0	0	0	0	0	0	0	0	0	0	0	0	0	0	0	0	0	0	0	0	0	0	0	0	0	0	0	0	0	0	0	0	14	0	20	0	0	0	0	0	0	0	0	0	0	0	0	0	0	0	0	0	0	0	0	0	0	0	0	0	0	0	0	0	0	0	0	0	0	0	0	0	''	''	''	0	'0'	'0'	'0'	'0'	'0'	'0'	'0'	'0'	'0'	'0'	'0'	'0'	'0'	'0'	'                                                  '	'                                                  '	0	0	'       '	''	0	'0'	'0'	'0'	'0'	'0'	0	0	0	0	0	0	0	0	0	0	0.00	0.00	1	1	NULL	0	0	0	0	0	0	0	0	0	0	0	0	0	0	0	0	0	0	0	0	0	0	0	0	0	0	0	0	0	0	0	0	0	0	0	0	0	0	0	0	0	0	0	0	0	0.00	0	0	0	0	0	0	0	0	0	0	0	0	0	0	0	0	0	0	NULL	0	0	0	0	NULL	NULL	0	NULL	0	0	0	'0'	0	0	0	0	0	0	0	0	0	0	0	0	0	0	0	0	0	0	0	0	1	0	0	0	0	0	0	0	0	0	0	0	0	0	0	0	0	0	0	NULL	NULL	0	0	0	0	0	0	0	0	0	0	0	0	0	0	0	0	0	0	0	0	0	0	0	0	0	0	0	0	0	0	0	0	0	0	0	0	0	0	0	0	0	0	0	0	0	0	0	0	'                '	0	'             '	0	0	0	'             '	0	0	0	'             '	0	0	0	'             '	0	0	0	'             '	0	0	0	'             '	0	0	0	'             '	0	0	0	'             '	0	0	0	0	0	0	0	0	0	'0'	'      '	0	0	0	0	0	0	0	0	0	0	0	0	0	0	0	0	0	0	0	0	0	0	0	0	0	0	0	0	0	0	0	0	0	0	1	0	0	0	0	0	0	0	0	0	0	0	0	0	0	0	20	0	0	0	0	0	0	0	0	0	0	0	0	0	0	0	0	0	0	0	0	0	0	0	0	0	0	0	0	0	''	0	0	0	0	0	'                '	'                '	'                '	'                '	'                '	'                '	'                '	'                '	'                '	''	0	0	0	NULL
11718407	'0'	9176	104	4786	9290	0	0	0	''	999999	'儈痊臍牬'	'2020-08-26 16:09:17'	'2020-08-26 00:00:00'	1	0	0	0	1	1	0	1	14	'0'	'0'	540	540	540	0	0	0	'             '	0	0	'0'	'0'	0	0	0	0	0	0	'             '	0	0	'0'	'0'	0	0	0	0	0	0	'             '	0	0	'0'	'0'	0	0	0	0	0	0	'             '	0	0	'0'	'0'	0	0	0	0	0	0	'             '	0	0	'0'	'0'	0	0	0	0	0	0	'             '	0	0	'0'	'0'	0	0	0	0	0	0	'             '	0	0	'0'	'0'	0	0	0	0	0	0	'             '	0	0	'0'	'0'	0	0	0	0	0	0	'             '	0	0	'0'	'0'	0	0	0	0	0	0	'             '	0	596	0	500	500	500	0	500	500	540	540	540	0	540	500	500	1	0	2	0	0.00	1	540	0	0	0	0	0	0	0	0	0	0	0	0	0	0	0	0	0	0	0	0	0	0	0	0	0	0	0	0	0	0	0	0	0	0	0	0	0	0	0	0	0	0	0	0	0	0	0	0	0	540	0	0	0	0	0	0	0	0	0	0	0	0	0	0	0	0	0	0	0	0	0	0	0	0	0	0	0	0	0	0	0	0	0	0	0	0	0	500	40	0	8.00	40	0	0	0	0.00	0	0	0	0	0.00	0	0	0	0	0.00	0	0	0	0	0.00	0	0	0	0	0.00	0	0	0	0	0.00	0	0	0	0	0.00	0	2	500	40	40	0	0	0	0	0	0	0	0	0	0	0	0	0	0	0	0	0	0	0	0	0	0	0	0	0	0	0	0	0	0	0	0	0	0	0	0	0	0	0	0	0	0	0	0	0	0	0	0	0	0	0	0	0	0	0	0	0	0	0	0	0	0	0	0	0	0	0	96	0	0	0	0	0	0	0	0	0	0	0	0	0	0	0	0	0	0	0	0	0	0	0	0	0	0	0	0	0	0	0	0	0	0	0	0	0	0	0	0	0	0	0	0	0	0	0	0	0	0	0	0	0	0	0	0	0	0	0	0	0	0	0	0	0	0	0	0	0	0	0	0	0	0	0	0	0	0	0	0	0	0	0	0	0	0	0	0	0	0	0	0	0	0	0	0	0	0	0	0	0	0	0	0	0	0	0	0	0	0	0	0	0	0	0	0	0	0	0	0	0	0	0	0	0	0	22	0	34	0	0	0	0	0	0	0	0	0	0	0	0	0	0	0	0	0	0	0	0	0	0	0	0	0	0	0	0	0	0	0	0	0	0	0	0	0	''	''	''	0	'0'	'0'	'0'	'0'	'0'	'0'	'0'	'0'	'0'	'0'	'0'	'0'	'0'	'0'	'                                                  '	'                                                  '	0	0	'       '	''	0	'0'	'0'	'0'	'0'	'0'	0	0	0	0	0	0	0	0	0	0	0.00	0.00	1	1	NULL	0	0	0	0	0	0	0	0	0	0	0	0	0	0	0	0	0	0	0	0	0	0	0	0	0	0	0	0	0	0	0	0	0	0	0	0	0	0	0	0	0	0	0	0	0	0.00	0	0	0	0	0	0	0	0	0	0	0	0	0	0	0	0	0	0	NULL	0	0	0	0	NULL	NULL	0	NULL	0	0	0	'0'	0	0	0	0	0	0	0	0	0	0	0	0	0	0	0	0	0	0	0	0	1	0	0	0	0	0	0	0	0	0	0	0	0	0	0	0	0	0	0	NULL	NULL	0	0	0	0	0	0	0	0	0	0	0	0	0	0	0	0	0	0	0	0	0	0	0	0	0	0	0	0	0	0	0	0	0	0	0	0	0	0	0	0	0	0	0	0	0	0	0	0	'                '	0	'             '	0	0	0	'             '	0	0	0	'             '	0	0	0	'             '	0	0	0	'             '	0	0	0	'             '	0	0	0	'             '	0	0	0	'             '	0	0	0	0	0	0	0	0	0	'0'	'      '	0	0	0	0	0	0	0	0	0	0	0	0	0	0	0	0	0	0	0	0	0	0	0	0	0	0	0	0	0	0	0	0	0	0	1	0	0	0	0	0	0	0	0	0	0	0	0	0	0	0	40	0	0	0	0	0	0	0	0	0	0	0	0	0	0	0	0	0	0	0	0	0	0	0	0	0	0	0	0	0	''	0	0	0	0	0	'                '	'                '	'                '	'                '	'                '	'                '	'                '	'                '	'                '	''	0	0	0	NULL
11718408	'0'	9176	104	4787	9291	0	0	0	''	999999	'儈痊臍牬'	'2020-08-26 16:10:11'	'2020-08-26 00:00:00'	1	0	0	0	1	0	0	1	14	'0'	'0'	311	311	311	0	0	0	'             '	0	0	'0'	'0'	0	0	0	0	0	0	'             '	0	0	'0'	'0'	0	0	0	0	0	0	'             '	0	0	'0'	'0'	0	0	0	0	0	0	'             '	0	0	'0'	'0'	0	0	0	0	0	0	'             '	0	0	'0'	'0'	0	0	0	0	0	0	'             '	0	0	'0'	'0'	0	0	0	0	0	0	'             '	0	0	'0'	'0'	0	0	0	0	0	0	'             '	0	0	'0'	'0'	0	0	0	0	0	0	'             '	0	0	'0'	'0'	0	0	0	0	0	0	'             '	0	288	0	288	288	288	0	288	288	311	311	311	0	311	288	288	1	0	1	0	0.00	1	311	0	0	0	0	0	0	0	0	0	0	0	0	0	0	0	0	0	0	0	0	0	0	0	0	0	0	0	0	0	0	0	0	0	0	0	0	0	0	0	0	0	0	0	0	0	0	0	0	0	311	0	0	0	0	0	0	0	0	0	0	0	0	0	0	0	0	0	0	0	0	0	0	0	0	0	0	0	0	0	0	0	0	0	0	0	0	0	288	23	0	8.00	23	0	0	0	0.00	0	0	0	0	0.00	0	0	0	0	0.00	0	0	0	0	0.00	0	0	0	0	0.00	0	0	0	0	0.00	0	0	0	0	0.00	0	1	288	23	23	0	0	0	0	0	0	0	0	0	0	0	0	0	1	10	1	10	0	0	0	0	0	0	1	10	0	0	0	0	0	0	0	0	0	0	0	0	0	0	0	0	0	0	0	0	0	0	0	0	0	0	0	0	0	0	0	0	0	0	0	0	0	0	0	0	0	0	0	0	0	0	0	0	0	0	0	0	0	0	0	0	0	0	0	0	0	0	0	0	0	0	0	0	0	0	0	0	0	0	0	0	0	0	0	0	0	0	0	0	0	0	0	0	0	0	0	0	0	0	0	0	0	0	0	0	0	0	0	0	0	0	0	0	0	0	0	0	0	0	0	0	0	0	0	0	0	0	0	0	0	0	0	0	0	0	0	0	0	0	0	0	0	0	0	0	0	0	0	0	0	0	0	0	0	0	0	0	0	0	0	0	0	0	0	0	0	0	0	0	0	0	0	0	0	14	0	24	0	0	0	0	0	0	0	0	0	0	0	0	0	0	0	0	0	0	0	0	0	0	0	0	0	0	0	0	0	0	0	0	0	0	0	0	0	''	''	''	0	'0'	'0'	'0'	'0'	'0'	'0'	'0'	'0'	'0'	'0'	'0'	'0'	'0'	'0'	'                                                  '	'                                                  '	0	0	'       '	''	0	'0'	'0'	'0'	'0'	'0'	0	0	0	0	0	0	0	0	0	0	0.00	0.00	1	1	NULL	0	0	0	0	0	0	0	0	0	0	0	0	0	0	0	0	0	0	0	0	0	0	0	0	0	0	0	0	0	0	0	0	0	0	0	0	0	0	0	0	0	0	0	0	0	0.00	0	0	0	0	0	0	0	0	0	0	0	0	0	0	0	0	0	0	NULL	0	0	0	0	NULL	NULL	0	NULL	0	0	0	'0'	0	0	0	0	0	0	0	0	0	0	0	0	0	0	0	0	0	0	0	0	1	0	0	0	0	0	0	0	0	0	0	0	0	0	0	0	0	0	0	NULL	NULL	0	0	0	0	0	0	0	0	0	0	0	0	0	0	0	0	0	0	0	0	0	0	0	0	0	0	0	0	0	0	0	0	0	0	0	0	0	0	0	0	0	0	0	0	0	0	0	0	'                '	0	'             '	0	0	0	'             '	0	0	0	'             '	0	0	0	'             '	0	0	0	'             '	0	0	0	'             '	0	0	0	'             '	0	0	0	'             '	0	0	0	0	0	0	0	0	0	'0'	'      '	0	0	0	0	0	0	0	0	0	0	0	0	0	0	0	0	0	0	0	0	0	0	0	0	0	0	0	0	0	0	0	0	0	0	1	0	0	0	0	0	0	0	0	0	0	0	0	0	0	0	23	0	0	0	0	0	0	0	0	0	0	0	0	0	0	0	0	0	0	0	0	0	0	0	0	0	0	0	0	0	''	0	0	0	0	0	'                '	'                '	'                '	'                '	'                '	'                '	'                '	'                '	'                '	''	0	0	0	NULL
11718409	'0'	9176	104	4788	9292	0	0	0	''	999999	'儈痊臍牬'	'2020-08-26 16:10:25'	'2020-08-26 00:00:00'	1	0	0	0	1	0	0	1	14	'0'	'0'	270	270	270	0	0	0	'             '	0	0	'0'	'0'	0	0	0	0	0	0	'             '	0	0	'0'	'0'	0	0	0	0	0	0	'             '	0	0	'0'	'0'	0	0	0	0	0	0	'             '	0	0	'0'	'0'	0	0	0	0	0	0	'             '	0	0	'0'	'0'	0	0	0	0	0	0	'             '	0	0	'0'	'0'	0	0	0	0	0	0	'             '	0	0	'0'	'0'	0	0	0	0	0	0	'             '	0	0	'0'	'0'	0	0	0	0	0	0	'             '	0	0	'0'	'0'	0	0	0	0	0	0	'             '	0	298	0	250	250	250	0	250	250	270	270	270	0	270	250	250	1	0	1	0	0.00	1	270	0	0	0	0	0	0	0	0	0	0	0	0	0	0	0	0	0	0	0	0	0	0	0	0	0	0	0	0	0	0	0	0	0	0	0	0	0	0	0	0	0	0	0	0	0	0	0	0	0	270	0	0	0	0	0	0	0	0	0	0	0	0	0	0	0	0	0	0	0	0	0	0	0	0	0	0	0	0	0	0	0	0	0	0	0	0	0	250	20	0	8.00	20	0	0	0	0.00	0	0	0	0	0.00	0	0	0	0	0.00	0	0	0	0	0.00	0	0	0	0	0.00	0	0	0	0	0.00	0	0	0	0	0.00	0	1	250	20	20	0	0	0	0	0	0	0	0	0	0	0	0	0	0	0	0	0	0	0	0	0	0	0	0	0	0	0	0	0	0	0	0	0	0	0	0	0	0	0	1	48	0	0	0	0	0	0	0	0	0	0	0	0	0	0	0	0	0	0	0	0	0	0	0	0	0	0	0	0	0	0	0	0	0	0	0	0	0	0	0	0	0	0	0	0	0	0	0	0	0	0	0	0	0	0	0	0	0	0	0	0	0	0	0	0	0	0	0	0	0	0	0	0	0	0	0	0	0	0	0	0	0	0	0	0	0	0	0	0	0	0	0	0	0	0	0	0	0	0	0	0	0	0	0	0	0	0	0	0	0	0	0	0	0	0	0	0	0	0	0	0	0	0	0	0	0	0	0	0	0	0	0	0	0	0	0	0	0	0	0	0	0	0	0	0	0	0	0	0	0	0	0	0	0	25	0	19	0	0	0	0	0	0	0	0	0	0	0	0	0	0	0	0	0	0	0	0	0	0	0	0	0	0	0	0	0	0	0	0	0	0	0	0	0	''	''	''	0	'0'	'0'	'0'	'0'	'0'	'0'	'0'	'0'	'0'	'0'	'0'	'0'	'0'	'0'	'                                                  '	'                                                  '	0	0	'       '	''	0	'0'	'0'	'0'	'0'	'0'	0	0	0	0	0	0	0	0	0	0	0.00	0.00	1	1	NULL	0	0	0	0	0	0	0	0	0	0	0	0	0	0	0	0	0	0	0	0	0	0	0	0	0	0	0	0	0	0	0	0	0	0	0	0	0	0	0	0	0	0	0	0	0	0.00	0	0	0	0	0	0	0	0	0	0	0	0	0	0	0	0	0	0	NULL	0	0	0	0	NULL	NULL	0	NULL	0	0	0	'0'	0	0	0	0	0	0	0	0	0	0	0	0	0	0	0	0	0	0	0	0	1	0	0	0	0	0	0	0	0	0	0	0	0	0	0	0	0	0	0	NULL	NULL	0	0	0	0	0	0	0	0	0	0	0	0	0	0	0	0	0	0	0	0	0	0	0	0	0	0	0	0	0	0	0	0	0	0	0	0	0	0	0	0	0	0	0	0	0	0	0	0	'                '	0	'             '	0	0	0	'             '	0	0	0	'             '	0	0	0	'             '	0	0	0	'             '	0	0	0	'             '	0	0	0	'             '	0	0	0	'             '	0	0	0	0	0	0	0	0	0	'0'	'      '	0	0	0	0	0	0	0	0	0	0	0	0	0	0	0	0	0	0	0	0	0	0	0	0	0	0	0	0	0	0	0	0	0	0	1	0	0	0	0	0	0	0	0	0	0	0	0	0	0	0	20	0	0	0	0	0	0	0	0	0	0	0	0	0	0	0	0	0	0	0	0	0	0	0	0	0	0	0	0	0	''	0	0	0	0	0	'                '	'                '	'                '	'                '	'                '	'                '	'                '	'                '	'                '	''	0	0	0	NULL
11718410	'0'	9176	104	4789	9293	0	0	0	''	999999	'儈痊臍牬'	'2020-08-26 16:11:18'	'2020-08-26 00:00:00'	1	0	0	0	1	0	0	1	14	'0'	'0'	289	289	289	0	0	0	'             '	0	0	'0'	'0'	0	0	0	0	0	0	'             '	0	0	'0'	'0'	0	0	0	0	0	0	'             '	0	0	'0'	'0'	0	0	0	0	0	0	'             '	0	0	'0'	'0'	0	0	0	0	0	0	'             '	0	0	'0'	'0'	0	0	0	0	0	0	'             '	0	0	'0'	'0'	0	0	0	0	0	0	'             '	0	0	'0'	'0'	0	0	0	0	0	0	'             '	0	0	'0'	'0'	0	0	0	0	0	0	'             '	0	0	'0'	'0'	0	0	0	0	0	0	'             '	0	298	0	298	298	268	0	268	268	289	289	289	0	289	298	268	1	0	1	0	0.00	1	289	0	0	0	0	0	0	0	0	0	0	0	0	0	0	0	0	0	0	0	0	0	0	0	0	0	0	0	0	0	0	0	0	0	0	0	0	0	0	0	0	0	0	0	0	0	0	0	0	0	289	0	0	0	0	0	0	0	0	0	0	0	0	0	0	0	0	0	0	0	0	0	0	0	0	0	0	0	0	0	0	0	0	0	0	0	0	0	268	21	0	8.00	21	0	0	0	0.00	0	0	0	0	0.00	0	0	0	0	0.00	0	0	0	0	0.00	0	0	0	0	0.00	0	0	0	0	0.00	0	0	0	0	0.00	0	1	268	21	21	0	0	0	0	0	0	0	0	0	0	0	0	0	0	0	0	0	0	0	0	0	0	0	0	0	0	0	0	0	0	0	0	0	0	0	0	0	0	0	0	0	0	0	0	0	0	0	0	0	0	0	0	0	0	0	0	0	0	0	0	0	0	0	0	0	0	0	0	0	0	0	0	0	0	0	0	0	0	0	0	0	0	0	0	0	0	0	0	0	0	0	0	0	0	0	0	0	0	0	0	0	0	0	0	0	0	0	0	0	0	0	0	0	0	0	0	0	0	0	0	0	0	0	0	0	0	0	0	0	0	0	0	0	0	0	0	0	0	0	0	0	0	0	0	0	0	0	0	0	0	0	0	0	0	0	0	0	0	0	0	0	0	0	0	0	0	0	0	0	0	0	0	0	0	0	0	0	0	0	0	0	0	0	0	0	0	0	0	0	0	0	0	0	0	19	0	53	0	0	0	0	0	0	0	0	0	0	0	0	0	0	0	0	0	0	0	0	0	0	0	0	0	0	0	0	0	0	0	0	0	0	0	0	0	''	''	''	0	'0'	'0'	'0'	'0'	'0'	'0'	'0'	'0'	'0'	'0'	'0'	'0'	'0'	'0'	'                                                  '	'                                                  '	0	0	'       '	''	0	'0'	'0'	'0'	'0'	'0'	0	0	0	0	0	0	0	0	0	0	0.00	0.00	1	1	NULL	0	0	0	0	0	0	0	0	0	0	0	0	0	0	0	0	0	0	0	0	0	0	0	0	0	0	0	0	0	0	0	0	0	0	0	0	0	0	0	0	0	0	0	0	0	0.00	0	0	0	0	0	0	0	0	0	0	0	0	0	0	0	0	0	0	NULL	0	0	0	0	NULL	NULL	0	NULL	0	0	0	'0'	0	0	0	0	0	0	0	0	0	0	0	0	0	0	0	0	0	0	0	0	1	0	0	0	0	0	0	0	0	0	0	0	0	0	0	0	0	0	0	NULL	NULL	0	0	0	0	0	0	0	0	0	0	0	0	0	0	0	0	0	0	0	0	0	0	0	0	0	0	0	0	0	0	0	0	0	0	0	0	0	0	0	0	0	0	0	0	0	0	0	0	'                '	0	'             '	0	0	0	'             '	0	0	0	'             '	0	0	0	'             '	0	0	0	'             '	0	0	0	'             '	0	0	0	'             '	0	0	0	'             '	0	0	0	0	0	0	0	0	0	'0'	'      '	0	0	0	0	0	0	0	0	0	0	0	0	0	0	0	0	0	0	0	0	0	0	0	0	0	0	0	0	0	0	0	0	0	0	1	0	0	0	0	0	0	0	0	0	0	10	30	1	0	0	21	0	0	0	0	0	0	0	0	0	0	0	0	0	0	0	0	0	0	0	0	0	0	0	0	0	0	0	0	0	''	0	0	0	0	0	'                '	'                '	'                '	'                '	'                '	'                '	'                '	'                '	'                '	''	0	0	0	NULL
11718411	'0'	9176	104	4791	9295	0	0	0	''	999999	'儈痊臍牬'	'2020-08-26 16:12:30'	'2020-08-26 00:00:00'	1	0	0	0	1	0	0	1	14	'0'	'0'	162	162	162	0	0	0	'             '	0	0	'0'	'0'	0	0	0	0	0	0	'             '	0	0	'0'	'0'	0	0	0	0	0	0	'             '	0	0	'0'	'0'	0	0	0	0	0	0	'             '	0	0	'0'	'0'	0	0	0	0	0	0	'             '	0	0	'0'	'0'	0	0	0	0	0	0	'             '	0	0	'0'	'0'	0	0	0	0	0	0	'             '	0	0	'0'	'0'	0	0	0	0	0	0	'             '	0	0	'0'	'0'	0	0	0	0	0	0	'             '	0	0	'0'	'0'	0	0	0	0	0	0	'             '	0	150	0	150	150	150	0	150	150	162	162	162	0	162	150	150	1	0	1	0	0.00	1	162	0	0	0	0	0	0	0	0	0	0	0	0	0	0	0	0	0	0	0	0	0	0	0	0	0	0	0	0	0	0	0	0	0	0	0	0	0	0	0	0	0	0	0	0	0	0	0	0	0	162	0	0	0	0	0	0	0	0	0	0	0	0	0	0	0	0	0	0	0	0	0	0	0	0	0	0	0	0	0	0	0	0	0	0	0	0	0	150	12	0	8.00	12	0	0	0	0.00	0	0	0	0	0.00	0	0	0	0	0.00	0	0	0	0	0.00	0	0	0	0	0.00	0	0	0	0	0.00	0	0	0	0	0.00	0	1	150	12	12	0	0	0	0	0	0	0	0	0	0	0	0	0	1	10	1	10	0	0	0	0	0	0	1	10	0	0	0	0	0	0	0	0	0	0	0	0	0	0	0	0	0	0	0	0	0	0	0	0	0	0	0	0	0	0	0	0	0	0	0	0	0	0	0	0	0	0	0	0	0	0	0	0	0	0	0	0	0	0	0	0	0	0	0	0	0	0	0	0	0	0	0	0	0	0	0	0	0	0	0	0	0	0	0	0	0	0	0	0	0	0	0	0	0	0	0	0	0	0	0	0	0	0	0	0	0	0	0	0	0	0	0	0	0	0	0	0	0	0	0	0	0	0	0	0	0	0	0	0	0	0	0	0	0	0	0	0	0	0	0	0	0	0	0	0	0	0	0	0	0	0	0	0	0	0	0	0	0	0	0	0	0	0	0	0	0	0	0	0	0	0	0	0	0	8	0	22	0	0	0	0	0	0	0	0	0	0	0	0	0	0	0	0	0	0	0	0	0	0	0	0	0	0	0	0	0	0	0	0	0	0	0	0	0	''	''	''	0	'0'	'0'	'0'	'0'	'0'	'0'	'0'	'0'	'0'	'0'	'0'	'0'	'0'	'0'	'                                                  '	'                                                  '	0	0	'       '	''	0	'0'	'0'	'0'	'0'	'0'	0	0	0	0	0	0	0	0	0	0	0.00	0.00	1	1	NULL	0	0	0	0	0	0	0	0	0	0	0	0	0	0	0	0	0	0	0	0	0	0	0	0	0	0	0	0	0	0	0	0	0	0	0	0	0	0	0	0	0	0	0	0	0	0.00	0	0	0	0	0	0	0	0	0	0	0	0	0	0	0	0	0	0	NULL	0	0	0	0	NULL	NULL	0	NULL	0	0	0	'0'	0	0	0	0	0	0	0	0	0	0	0	0	0	0	0	0	0	0	0	0	1	0	0	0	0	0	0	0	0	0	0	0	0	0	0	0	0	0	0	NULL	NULL	0	0	0	0	0	0	0	0	0	0	0	0	0	0	0	0	0	0	0	0	0	0	0	0	0	0	0	0	0	0	0	0	0	0	0	0	0	0	0	0	0	0	0	0	0	0	0	0	'                '	0	'             '	0	0	0	'             '	0	0	0	'             '	0	0	0	'             '	0	0	0	'             '	0	0	0	'             '	0	0	0	'             '	0	0	0	'             '	0	0	0	0	0	0	0	0	0	'0'	'      '	0	0	0	0	0	0	0	0	0	0	0	0	0	0	0	0	0	0	0	0	0	0	0	0	0	0	0	0	0	0	0	0	0	0	1	0	0	0	0	0	0	0	0	0	0	0	0	0	0	0	12	0	0	0	0	0	0	0	0	0	0	0	0	0	0	0	0	0	0	0	0	0	0	0	0	0	0	0	0	0	''	0	0	0	0	0	'                '	'                '	'                '	'                '	'                '	'                '	'                '	'                '	'                '	''	0	0	0	NULL
11718412	'0'	9176	104	4790	9294	0	0	0	''	999999	'儈痊臍牬'	'2020-08-26 16:12:22'	'2020-08-26 00:00:00'	1	0	0	0	1	0	0	1	14	'0'	'0'	298	298	298	0	0	0	'             '	0	0	'0'	'0'	0	0	0	0	0	0	'             '	0	0	'0'	'0'	0	0	0	0	0	0	'             '	0	0	'0'	'0'	0	0	0	0	0	0	'             '	0	0	'0'	'0'	0	0	0	0	0	0	'             '	0	0	'0'	'0'	0	0	0	0	0	0	'             '	0	0	'0'	'0'	0	0	0	0	0	0	'             '	0	0	'0'	'0'	0	0	0	0	0	0	'             '	0	0	'0'	'0'	0	0	0	0	0	0	'             '	0	0	'0'	'0'	0	0	0	0	0	0	'             '	0	276	0	276	276	276	0	276	276	298	298	298	0	298	276	276	1	0	1	0	0.00	1	298	0	0	0	0	0	0	0	0	0	0	0	0	0	0	0	0	0	0	0	0	0	0	0	0	0	0	0	0	0	0	0	0	0	0	0	0	0	0	0	0	0	0	0	0	0	0	0	0	0	298	0	0	0	0	0	0	0	0	0	0	0	0	0	0	0	0	0	0	0	0	0	0	0	0	0	0	0	0	0	0	0	0	0	0	0	0	0	276	22	0	8.00	22	0	0	0	0.00	0	0	0	0	0.00	0	0	0	0	0.00	0	0	0	0	0.00	0	0	0	0	0.00	0	0	0	0	0.00	0	0	0	0	0.00	0	1	276	22	22	0	0	0	0	0	0	0	0	0	0	0	0	0	1	10	1	10	0	0	0	0	0	0	1	10	0	0	0	0	0	0	0	0	0	0	0	0	0	0	0	0	0	0	0	0	0	0	0	0	0	0	0	0	0	0	0	0	0	0	0	0	0	0	0	0	0	0	0	0	0	0	0	0	0	0	0	0	0	0	0	0	0	0	0	0	0	0	0	0	0	0	0	0	0	0	0	0	0	0	0	0	0	0	0	0	0	0	0	0	0	0	0	0	0	0	0	0	0	0	0	0	0	0	0	0	0	0	0	0	0	0	0	0	0	0	0	0	0	0	0	0	0	0	0	0	0	0	0	0	0	0	0	0	0	0	0	0	0	0	0	0	0	0	0	0	0	0	0	0	0	0	0	0	0	0	0	0	0	0	0	0	0	0	0	0	0	0	0	0	0	0	0	0	0	37	0	88	0	0	0	0	0	0	0	0	0	0	0	0	0	0	0	0	0	0	0	0	0	0	0	0	0	0	0	0	0	0	0	0	0	0	0	0	0	''	''	''	0	'0'	'0'	'0'	'0'	'0'	'0'	'0'	'0'	'0'	'0'	'0'	'0'	'0'	'0'	'                                                  '	'                                                  '	0	0	'       '	''	0	'0'	'0'	'0'	'0'	'0'	0	0	0	0	0	0	0	0	0	0	0.00	0.00	1	1	NULL	0	0	0	0	0	0	0	0	0	0	0	0	0	0	0	0	0	0	0	0	0	0	0	0	0	0	0	0	0	0	0	0	0	0	0	0	0	0	0	0	0	0	0	0	0	0.00	0	0	0	0	0	0	0	0	0	0	0	0	0	0	0	0	0	0	NULL	0	0	0	0	NULL	NULL	0	NULL	0	0	0	'0'	0	0	0	0	0	0	0	0	0	0	0	0	0	0	0	0	0	0	0	0	1	0	0	0	0	0	0	0	0	0	0	0	0	0	0	0	0	0	0	NULL	NULL	0	0	0	0	0	0	0	0	0	0	0	0	0	0	0	0	0	0	0	0	0	0	0	0	0	0	0	0	0	0	0	0	0	0	0	0	0	0	0	0	0	0	0	0	0	0	0	0	'                '	0	'             '	0	0	0	'             '	0	0	0	'             '	0	0	0	'             '	0	0	0	'             '	0	0	0	'             '	0	0	0	'             '	0	0	0	'             '	0	0	0	0	0	0	0	0	0	'0'	'      '	0	0	0	0	0	0	0	0	0	0	0	0	0	0	0	0	0	0	0	0	0	0	0	0	0	0	0	0	0	0	0	0	0	0	1	0	0	0	0	0	0	0	0	0	0	0	0	0	0	0	22	0	0	0	0	0	0	0	0	0	0	0	0	0	0	0	0	0	0	0	0	0	0	0	0	0	0	0	0	0	''	0	0	0	0	0	'                '	'                '	'                '	'                '	'                '	'                '	'                '	'                '	'                '	''	0	0	0	NULL
11718413	'0'	9176	104	4792	9296	0	0	0	''	999999	'儈痊臍牬'	'2020-08-26 16:12:49'	'2020-08-26 00:00:00'	1	0	0	0	1	0	0	1	14	'0'	'0'	745	745	745	0	0	0	'             '	0	0	'0'	'0'	0	0	0	0	0	0	'             '	0	0	'0'	'0'	0	0	0	0	0	0	'             '	0	0	'0'	'0'	0	0	0	0	0	0	'             '	0	0	'0'	'0'	0	0	0	0	0	0	'             '	0	0	'0'	'0'	0	0	0	0	0	0	'             '	0	0	'0'	'0'	0	0	0	0	0	0	'             '	0	0	'0'	'0'	0	0	0	0	0	0	'             '	0	0	'0'	'0'	0	0	0	0	0	0	'             '	0	0	'0'	'0'	0	0	0	0	0	0	'             '	0	690	0	690	690	690	0	690	690	745	745	745	0	745	690	690	1	0	1	0	0.00	1	745	0	0	0	0	0	0	0	0	0	0	0	0	0	0	0	0	0	0	0	0	0	0	0	0	0	0	0	0	0	0	0	0	0	0	0	0	0	0	0	0	0	0	0	0	0	0	0	0	0	745	0	0	0	0	0	0	0	0	0	0	0	0	0	0	0	0	0	0	0	0	0	0	0	0	0	0	0	0	0	0	0	0	0	0	0	0	0	690	55	0	8.00	55	0	0	0	0.00	0	0	0	0	0.00	0	0	0	0	0.00	0	0	0	0	0.00	0	0	0	0	0.00	0	0	0	0	0.00	0	0	0	0	0.00	0	1	690	55	55	0	0	0	0	0	0	0	0	0	0	0	0	0	1	10	1	10	0	0	0	0	0	0	1	10	0	0	0	0	0	0	0	0	0	0	0	0	0	0	0	0	0	0	0	0	0	0	0	0	0	0	0	0	0	0	0	0	0	0	0	0	0	0	0	0	0	0	0	0	0	0	0	0	0	0	0	0	0	0	0	0	0	0	0	0	0	0	0	0	0	0	0	0	0	0	0	0	0	0	0	0	0	0	0	0	0	0	0	0	0	0	0	0	0	0	0	0	0	0	0	0	0	0	0	0	0	0	0	0	0	0	0	0	0	0	0	0	0	0	0	0	0	0	0	0	0	0	0	0	0	0	0	0	0	0	0	0	0	0	0	0	0	0	0	0	0	0	0	0	0	0	0	0	0	0	0	0	0	0	0	0	0	0	0	0	0	0	0	0	0	0	0	0	0	24	0	21	0	0	0	0	0	0	0	0	0	0	0	0	0	0	0	0	0	0	0	0	0	0	0	0	0	0	0	0	0	0	0	0	0	0	0	0	0	''	''	''	0	'0'	'0'	'0'	'0'	'0'	'0'	'0'	'0'	'0'	'0'	'0'	'0'	'0'	'0'	'                                                  '	'                                                  '	0	0	'       '	''	0	'0'	'0'	'0'	'0'	'0'	0	0	0	0	0	0	0	0	0	0	0.00	0.00	1	1	NULL	0	0	0	0	0	0	0	0	0	0	0	0	0	0	0	0	0	0	0	0	0	0	0	0	0	0	0	0	0	0	0	0	0	0	0	0	0	0	0	0	0	0	0	0	0	0.00	0	0	0	0	0	0	0	0	0	0	0	0	0	0	0	0	0	0	NULL	0	0	0	0	NULL	NULL	0	NULL	0	0	0	'0'	0	0	0	0	0	0	0	0	0	0	0	0	0	0	0	0	0	0	0	0	1	0	0	0	0	0	0	0	0	0	0	0	0	0	0	0	0	0	0	NULL	NULL	0	0	0	0	0	0	0	0	0	0	0	0	0	0	0	0	0	0	0	0	0	0	0	0	0	0	0	0	0	0	0	0	0	0	0	0	0	0	0	0	0	0	0	0	0	0	0	0	'                '	0	'             '	0	0	0	'             '	0	0	0	'             '	0	0	0	'             '	0	0	0	'             '	0	0	0	'             '	0	0	0	'             '	0	0	0	'             '	0	0	0	0	0	0	0	0	0	'0'	'      '	0	0	0	0	0	0	0	0	0	0	0	0	0	0	0	0	0	0	0	0	0	0	0	0	0	0	0	0	0	0	0	0	0	0	1	0	0	0	0	0	0	0	0	0	0	0	0	0	0	0	55	0	0	0	0	0	0	0	0	0	0	0	0	0	0	0	0	0	0	0	0	0	0	0	0	0	0	0	0	0	''	0	0	0	0	0	'                '	'                '	'                '	'                '	'                '	'                '	'                '	'                '	'                '	''	0	0	0	NULL
11718414	'0'	9176	104	4793	9297	0	0	0	''	999999	'儈痊臍牬'	'2020-08-26 16:13:24'	'2020-08-26 00:00:00'	1	0	0	0	1	0	0	1	14	'0'	'0'	583	583	583	0	0	0	'             '	0	0	'0'	'0'	0	0	0	0	0	0	'             '	0	0	'0'	'0'	0	0	0	0	0	0	'             '	0	0	'0'	'0'	0	0	0	0	0	0	'             '	0	0	'0'	'0'	0	0	0	0	0	0	'             '	0	0	'0'	'0'	0	0	0	0	0	0	'             '	0	0	'0'	'0'	0	0	0	0	0	0	'             '	0	0	'0'	'0'	0	0	0	0	0	0	'             '	0	0	'0'	'0'	0	0	0	0	0	0	'             '	0	0	'0'	'0'	0	0	0	0	0	0	'             '	0	540	0	540	540	540	0	540	540	583	583	583	0	583	540	540	1	0	1	0	0.00	1	583	0	0	0	0	0	0	0	0	0	0	0	0	0	0	0	0	0	0	0	0	0	0	0	0	0	0	0	0	0	0	0	0	0	0	0	0	0	0	0	0	0	0	0	0	0	0	0	0	0	583	0	0	0	0	0	0	0	0	0	0	0	0	0	0	0	0	0	0	0	0	0	0	0	0	0	0	0	0	0	0	0	0	0	0	0	0	0	540	43	0	8.00	43	0	0	0	0.00	0	0	0	0	0.00	0	0	0	0	0.00	0	0	0	0	0.00	0	0	0	0	0.00	0	0	0	0	0.00	0	0	0	0	0.00	0	1	540	43	43	0	0	0	0	0	0	0	0	0	0	0	0	0	1	10	1	10	0	0	0	0	0	0	1	10	0	0	0	0	0	0	0	0	0	0	0	0	0	0	0	0	0	0	0	0	0	0	0	0	0	0	0	0	0	0	0	0	0	0	0	0	0	0	0	0	0	0	0	0	0	0	0	0	0	0	0	0	0	0	0	0	0	0	0	0	0	0	0	0	0	0	0	0	0	0	0	0	0	0	0	0	0	0	0	0	0	0	0	0	0	0	0	0	0	0	0	0	0	0	0	0	0	0	0	0	0	0	0	0	0	0	0	0	0	0	0	0	0	0	0	0	0	0	0	0	0	0	0	0	0	0	0	0	0	0	0	0	0	0	0	0	0	0	0	0	0	0	0	0	0	0	0	0	0	0	0	0	0	0	0	0	0	0	0	0	0	0	0	0	0	0	0	0	0	13	0	30	0	0	0	0	0	0	0	0	0	0	0	0	0	0	0	0	0	0	0	0	0	0	0	0	0	0	0	0	0	0	0	0	0	0	0	0	0	''	''	''	0	'0'	'0'	'0'	'0'	'0'	'0'	'0'	'0'	'0'	'0'	'0'	'0'	'0'	'0'	'                                                  '	'                                                  '	0	0	'       '	''	0	'0'	'0'	'0'	'0'	'0'	0	0	0	0	0	0	0	0	0	0	0.00	0.00	1	1	NULL	0	0	0	0	0	0	0	0	0	0	0	0	0	0	0	0	0	0	0	0	0	0	0	0	0	0	0	0	0	0	0	0	0	0	0	0	0	0	0	0	0	0	0	0	0	0.00	0	0	0	0	0	0	0	0	0	0	0	0	0	0	0	0	0	0	NULL	0	0	0	0	NULL	NULL	0	NULL	0	0	0	'0'	0	0	0	0	0	0	0	0	0	0	0	0	0	0	0	0	0	0	0	0	1	0	0	0	0	0	0	0	0	0	0	0	0	0	0	0	0	0	0	NULL	NULL	0	0	0	0	0	0	0	0	0	0	0	0	0	0	0	0	0	0	0	0	0	0	0	0	0	0	0	0	0	0	0	0	0	0	0	0	0	0	0	0	0	0	0	0	0	0	0	0	'                '	0	'             '	0	0	0	'             '	0	0	0	'             '	0	0	0	'             '	0	0	0	'             '	0	0	0	'             '	0	0	0	'             '	0	0	0	'             '	0	0	0	0	0	0	0	0	0	'0'	'      '	0	0	0	0	0	0	0	0	0	0	0	0	0	0	0	0	0	0	0	0	0	0	0	0	0	0	0	0	0	0	0	0	0	0	1	0	0	0	0	0	0	0	0	0	0	0	0	0	0	0	43	0	0	0	0	0	0	0	0	0	0	0	0	0	0	0	0	0	0	0	0	0	0	0	0	0	0	0	0	0	''	0	0	0	0	0	'                '	'                '	'                '	'                '	'                '	'                '	'                '	'                '	'                '	''	0	0	0	NULL
11718415	'0'	9176	104	4794	9298	0	0	0	''	999999	'儈痊臍牬'	'2020-08-26 16:13:35'	'2020-08-26 00:00:00'	1	0	0	0	1	0	0	1	14	'0'	'0'	7333	7333	7333	0	0	0	'             '	0	0	'0'	'0'	0	0	0	0	0	0	'             '	0	0	'0'	'0'	0	0	0	0	0	0	'             '	0	0	'0'	'0'	0	0	0	0	0	0	'             '	0	0	'0'	'0'	0	0	0	0	0	0	'             '	0	0	'0'	'0'	0	0	0	0	0	0	'             '	0	0	'0'	'0'	0	0	0	0	0	0	'             '	0	0	'0'	'0'	0	0	0	0	0	0	'             '	0	0	'0'	'0'	0	0	0	0	0	0	'             '	0	0	'0'	'0'	0	0	0	0	0	0	'             '	0	6790	0	6790	6790	6790	0	6790	6790	7333	7333	7333	0	7333	6790	6790	1	0	1	0	0.00	1	7333	0	0	0	0	0	0	0	0	0	0	0	0	0	0	0	0	0	0	0	0	0	0	0	0	0	0	0	0	0	0	0	0	0	0	0	0	0	0	0	0	0	0	0	0	0	0	0	0	0	7333	0	0	0	0	0	0	0	0	0	0	0	0	0	0	0	0	0	0	0	0	0	0	0	0	0	0	0	0	0	0	0	0	0	0	0	0	0	6790	543	0	8.00	543	0	0	0	0.00	0	0	0	0	0.00	0	0	0	0	0.00	0	0	0	0	0.00	0	0	0	0	0.00	0	0	0	0	0.00	0	0	0	0	0.00	0	1	6790	543	543	0	0	0	0	0	0	0	0	0	0	0	0	0	1	10	1	10	0	0	0	0	0	0	1	10	0	0	0	0	0	0	0	0	0	0	0	0	0	0	0	0	0	0	0	0	0	0	0	0	0	0	0	0	0	0	0	0	0	0	0	0	0	0	0	0	0	0	0	0	0	0	0	0	0	0	0	0	0	0	0	0	0	0	0	0	0	0	0	0	0	0	0	0	0	0	0	0	0	0	0	0	0	0	0	0	0	0	0	0	0	0	0	0	0	0	0	0	0	0	0	0	0	0	0	0	0	0	0	0	0	0	0	0	0	0	0	0	0	0	0	0	0	0	0	0	0	0	0	0	0	0	0	0	0	0	0	0	0	0	0	0	0	0	0	0	0	0	0	0	0	0	0	0	0	0	0	0	0	0	0	0	0	0	0	0	0	0	0	0	0	0	0	0	0	11	0	24	0	0	0	0	0	0	0	0	0	0	0	0	0	0	0	0	0	0	0	0	0	0	0	0	0	0	0	0	0	0	0	0	0	0	0	0	0	''	''	''	0	'0'	'0'	'0'	'0'	'0'	'0'	'0'	'0'	'0'	'0'	'0'	'0'	'0'	'0'	'                                                  '	'                                                  '	0	0	'       '	''	0	'0'	'0'	'0'	'0'	'0'	0	0	0	0	0	0	0	0	0	0	0.00	0.00	1	1	NULL	0	0	0	0	0	0	0	0	0	0	0	0	0	0	0	0	0	0	0	0	0	0	0	0	0	0	0	0	0	0	0	0	0	0	0	0	0	0	0	0	0	0	0	0	0	0.00	0	0	0	0	0	0	0	0	0	0	0	0	0	0	0	0	0	0	NULL	0	0	0	0	NULL	NULL	0	NULL	0	0	0	'0'	0	0	0	0	0	0	0	0	0	0	0	0	0	0	0	0	0	0	0	0	1	0	0	0	0	0	0	0	0	0	0	0	0	0	0	0	0	0	0	NULL	NULL	0	0	0	0	0	0	0	0	0	0	0	0	0	0	0	0	0	0	0	0	0	0	0	0	0	0	0	0	0	0	0	0	0	0	0	0	0	0	0	0	0	0	0	0	0	0	0	0	'                '	0	'             '	0	0	0	'             '	0	0	0	'             '	0	0	0	'             '	0	0	0	'             '	0	0	0	'             '	0	0	0	'             '	0	0	0	'             '	0	0	0	0	0	0	0	0	0	'0'	'      '	0	0	0	0	0	0	0	0	0	0	0	0	0	0	0	0	0	0	0	0	0	0	0	0	0	0	0	0	0	0	0	0	0	0	1	0	0	0	0	0	0	0	0	0	0	0	0	0	0	0	543	0	0	0	0	0	0	0	0	0	0	0	0	0	0	0	0	0	0	0	0	0	0	0	0	0	0	0	0	0	''	0	0	0	0	0	'                '	'                '	'                '	'                '	'                '	'                '	'                '	'                '	'                '	''	0	0	0	NULL
11718416	'0'	9176	104	4795	9299	0	0	0	''	999999	'儈痊臍牬'	'2020-08-26 16:13:46'	'2020-08-26 00:00:00'	1	0	0	0	1	0	0	1	14	'0'	'0'	7333	7333	7333	0	0	0	'             '	0	0	'0'	'0'	0	0	0	0	0	0	'             '	0	0	'0'	'0'	0	0	0	0	0	0	'             '	0	0	'0'	'0'	0	0	0	0	0	0	'             '	0	0	'0'	'0'	0	0	0	0	0	0	'             '	0	0	'0'	'0'	0	0	0	0	0	0	'             '	0	0	'0'	'0'	0	0	0	0	0	0	'             '	0	0	'0'	'0'	0	0	0	0	0	0	'             '	0	0	'0'	'0'	0	0	0	0	0	0	'             '	0	0	'0'	'0'	0	0	0	0	0	0	'             '	0	6790	0	6790	6790	6790	0	6790	6790	7333	7333	7333	0	7333	6790	6790	1	0	1	0	0.00	1	7333	0	0	0	0	0	0	0	0	0	0	0	0	0	0	0	0	0	0	0	0	0	0	0	0	0	0	0	0	0	0	0	0	0	0	0	0	0	0	0	0	0	0	0	0	0	0	0	0	0	7333	0	0	0	0	0	0	0	0	0	0	0	0	0	0	0	0	0	0	0	0	0	0	0	0	0	0	0	0	0	0	0	0	0	0	0	0	0	6790	543	0	8.00	543	0	0	0	0.00	0	0	0	0	0.00	0	0	0	0	0.00	0	0	0	0	0.00	0	0	0	0	0.00	0	0	0	0	0.00	0	0	0	0	0.00	0	1	6790	543	543	0	0	0	0	0	0	0	0	0	0	0	0	0	1	10	1	10	0	0	0	0	0	0	1	10	0	0	0	0	0	0	0	0	0	0	0	0	0	0	0	0	0	0	0	0	0	0	0	0	0	0	0	0	0	0	0	0	0	0	0	0	0	0	0	0	0	0	0	0	0	0	0	0	0	0	0	0	0	0	0	0	0	0	0	0	0	0	0	0	0	0	0	0	0	0	0	0	0	0	0	0	0	0	0	0	0	0	0	0	0	0	0	0	0	0	0	0	0	0	0	0	0	0	0	0	0	0	0	0	0	0	0	0	0	0	0	0	0	0	0	0	0	0	0	0	0	0	0	0	0	0	0	0	0	0	0	0	0	0	0	0	0	0	0	0	0	0	0	0	0	0	0	0	0	0	0	0	0	0	0	0	0	0	0	0	0	0	0	0	0	0	0	0	0	21	0	25	0	0	0	0	0	0	0	0	0	0	0	0	0	0	0	0	0	0	0	0	0	0	0	0	0	0	0	0	0	0	0	0	0	0	0	0	0	''	''	''	0	'0'	'0'	'0'	'0'	'0'	'0'	'0'	'0'	'0'	'0'	'0'	'0'	'0'	'0'	'                                                  '	'                                                  '	0	0	'       '	''	0	'0'	'0'	'0'	'0'	'0'	0	0	0	0	0	0	0	0	0	0	0.00	0.00	1	1	NULL	0	0	0	0	0	0	0	0	0	0	0	0	0	0	0	0	0	0	0	0	0	0	0	0	0	0	0	0	0	0	0	0	0	0	0	0	0	0	0	0	0	0	0	0	0	0.00	0	0	0	0	0	0	0	0	0	0	0	0	0	0	0	0	0	0	NULL	0	0	0	0	NULL	NULL	0	NULL	0	0	0	'0'	0	0	0	0	0	0	0	0	0	0	0	0	0	0	0	0	0	0	0	0	1	0	0	0	0	0	0	0	0	0	0	0	0	0	0	0	0	0	0	NULL	NULL	0	0	0	0	0	0	0	0	0	0	0	0	0	0	0	0	0	0	0	0	0	0	0	0	0	0	0	0	0	0	0	0	0	0	0	0	0	0	0	0	0	0	0	0	0	0	0	0	'                '	0	'             '	0	0	0	'             '	0	0	0	'             '	0	0	0	'             '	0	0	0	'             '	0	0	0	'             '	0	0	0	'             '	0	0	0	'             '	0	0	0	0	0	0	0	0	0	'0'	'      '	0	0	0	0	0	0	0	0	0	0	0	0	0	0	0	0	0	0	0	0	0	0	0	0	0	0	0	0	0	0	0	0	0	0	1	0	0	0	0	0	0	0	0	0	0	0	0	0	0	0	543	0	0	0	0	0	0	0	0	0	0	0	0	0	0	0	0	0	0	0	0	0	0	0	0	0	0	0	0	0	''	0	0	0	0	0	'                '	'                '	'                '	'                '	'                '	'                '	'                '	'                '	'                '	''	0	0	0	NULL
11718417	'0'	9176	104	4796	9300	0	0	0	''	999999	'儈痊臍牬'	'2020-08-26 16:13:58'	'2020-08-26 00:00:00'	1	0	0	0	1	0	0	1	14	'0'	'0'	831	831	831	0	0	0	'             '	0	0	'0'	'0'	0	0	0	0	0	0	'             '	0	0	'0'	'0'	0	0	0	0	0	0	'             '	0	0	'0'	'0'	0	0	0	0	0	0	'             '	0	0	'0'	'0'	0	0	0	0	0	0	'             '	0	0	'0'	'0'	0	0	0	0	0	0	'             '	0	0	'0'	'0'	0	0	0	0	0	0	'             '	0	0	'0'	'0'	0	0	0	0	0	0	'             '	0	0	'0'	'0'	0	0	0	0	0	0	'             '	0	0	'0'	'0'	0	0	0	0	0	0	'             '	0	770	0	770	770	770	0	770	770	831	831	831	0	831	770	770	1	0	1	0	0.00	1	831	0	0	0	0	0	0	0	0	0	0	0	0	0	0	0	0	0	0	0	0	0	0	0	0	0	0	0	0	0	0	0	0	0	0	0	0	0	0	0	0	0	0	0	0	0	0	0	0	0	831	0	0	0	0	0	0	0	0	0	0	0	0	0	0	0	0	0	0	0	0	0	0	0	0	0	0	0	0	0	0	0	0	0	0	0	0	0	770	61	0	8.00	61	0	0	0	0.00	0	0	0	0	0.00	0	0	0	0	0.00	0	0	0	0	0.00	0	0	0	0	0.00	0	0	0	0	0.00	0	0	0	0	0.00	0	1	770	61	61	0	0	0	0	0	0	0	0	0	0	0	0	0	1	10	1	10	0	0	0	0	0	0	1	10	0	0	0	0	0	0	0	0	0	0	0	0	0	0	0	0	0	0	0	0	0	0	0	0	0	0	0	0	0	0	0	0	0	0	0	0	0	0	0	0	0	0	0	0	0	0	0	0	0	0	0	0	0	0	0	0	0	0	0	0	0	0	0	0	0	0	0	0	0	0	0	0	0	0	0	0	0	0	0	0	0	0	0	0	0	0	0	0	0	0	0	0	0	0	0	0	0	0	0	0	0	0	0	0	0	0	0	0	0	0	0	0	0	0	0	0	0	0	0	0	0	0	0	0	0	0	0	0	0	0	0	0	0	0	0	0	0	0	0	0	0	0	0	0	0	0	0	0	0	0	0	0	0	0	0	0	0	0	0	0	0	0	0	0	0	0	0	0	0	13	0	21	0	0	0	0	0	0	0	0	0	0	0	0	0	0	0	0	0	0	0	0	0	0	0	0	0	0	0	0	0	0	0	0	0	0	0	0	0	''	''	''	0	'0'	'0'	'0'	'0'	'0'	'0'	'0'	'0'	'0'	'0'	'0'	'0'	'0'	'0'	'                                                  '	'                                                  '	0	0	'       '	''	0	'0'	'0'	'0'	'0'	'0'	0	0	0	0	0	0	0	0	0	0	0.00	0.00	1	1	NULL	0	0	0	0	0	0	0	0	0	0	0	0	0	0	0	0	0	0	0	0	0	0	0	0	0	0	0	0	0	0	0	0	0	0	0	0	0	0	0	0	0	0	0	0	0	0.00	0	0	0	0	0	0	0	0	0	0	0	0	0	0	0	0	0	0	NULL	0	0	0	0	NULL	NULL	0	NULL	0	0	0	'0'	0	0	0	0	0	0	0	0	0	0	0	0	0	0	0	0	0	0	0	0	1	0	0	0	0	0	0	0	0	0	0	0	0	0	0	0	0	0	0	NULL	NULL	0	0	0	0	0	0	0	0	0	0	0	0	0	0	0	0	0	0	0	0	0	0	0	0	0	0	0	0	0	0	0	0	0	0	0	0	0	0	0	0	0	0	0	0	0	0	0	0	'                '	0	'             '	0	0	0	'             '	0	0	0	'             '	0	0	0	'             '	0	0	0	'             '	0	0	0	'             '	0	0	0	'             '	0	0	0	'             '	0	0	0	0	0	0	0	0	0	'0'	'      '	0	0	0	0	0	0	0	0	0	0	0	0	0	0	0	0	0	0	0	0	0	0	0	0	0	0	0	0	0	0	0	0	0	0	1	0	0	0	0	0	0	0	0	0	0	0	0	0	0	0	61	0	0	0	0	0	0	0	0	0	0	0	0	0	0	0	0	0	0	0	0	0	0	0	0	0	0	0	0	0	''	0	0	0	0	0	'                '	'                '	'                '	'                '	'                '	'                '	'                '	'                '	'                '	''	0	0	0	NULL
11718418	'0'	9176	104	4797	9301	0	0	0	''	999999	'儈痊臍牬'	'2020-08-26 16:14:13'	'2020-08-26 00:00:00'	1	0	0	0	1	0	0	1	14	'0'	'0'	982	982	982	0	0	0	'             '	0	0	'0'	'0'	0	0	0	0	0	0	'             '	0	0	'0'	'0'	0	0	0	0	0	0	'             '	0	0	'0'	'0'	0	0	0	0	0	0	'             '	0	0	'0'	'0'	0	0	0	0	0	0	'             '	0	0	'0'	'0'	0	0	0	0	0	0	'             '	0	0	'0'	'0'	0	0	0	0	0	0	'             '	0	0	'0'	'0'	0	0	0	0	0	0	'             '	0	0	'0'	'0'	0	0	0	0	0	0	'             '	0	0	'0'	'0'	0	0	0	0	0	0	'             '	0	910	0	910	910	910	0	910	910	982	982	982	0	982	910	910	1	0	1	0	0.00	1	982	0	0	0	0	0	0	0	0	0	0	0	0	0	0	0	0	0	0	0	0	0	0	0	0	0	0	0	0	0	0	0	0	0	0	0	0	0	0	0	0	0	0	0	0	0	0	0	0	0	982	0	0	0	0	0	0	0	0	0	0	0	0	0	0	0	0	0	0	0	0	0	0	0	0	0	0	0	0	0	0	0	0	0	0	0	0	0	910	72	0	8.00	72	0	0	0	0.00	0	0	0	0	0.00	0	0	0	0	0.00	0	0	0	0	0.00	0	0	0	0	0.00	0	0	0	0	0.00	0	0	0	0	0.00	0	1	910	72	72	0	0	0	0	0	0	0	0	0	0	0	0	0	1	10	1	10	0	0	0	0	0	0	1	10	0	0	0	0	0	0	0	0	0	0	0	0	0	0	0	0	0	0	0	0	0	0	0	0	0	0	0	0	0	0	0	0	0	0	0	0	0	0	0	0	0	0	0	0	0	0	0	0	0	0	0	0	0	0	0	0	0	0	0	0	0	0	0	0	0	0	0	0	0	0	0	0	0	0	0	0	0	0	0	0	0	0	0	0	0	0	0	0	0	0	0	0	0	0	0	0	0	0	0	0	0	0	0	0	0	0	0	0	0	0	0	0	0	0	0	0	0	0	0	0	0	0	0	0	0	0	0	0	0	0	0	0	0	0	0	0	0	0	0	0	0	0	0	0	0	0	0	0	0	0	0	0	0	0	0	0	0	0	0	0	0	0	0	0	0	0	0	0	0	34	0	24	0	0	0	0	0	0	0	0	0	0	0	0	0	0	0	0	0	0	0	0	0	0	0	0	0	0	0	0	0	0	0	0	0	0	0	0	0	''	''	''	0	'0'	'0'	'0'	'0'	'0'	'0'	'0'	'0'	'0'	'0'	'0'	'0'	'0'	'0'	'                                                  '	'                                                  '	0	0	'       '	''	0	'0'	'0'	'0'	'0'	'0'	0	0	0	0	0	0	0	0	0	0	0.00	0.00	1	1	NULL	0	0	0	0	0	0	0	0	0	0	0	0	0	0	0	0	0	0	0	0	0	0	0	0	0	0	0	0	0	0	0	0	0	0	0	0	0	0	0	0	0	0	0	0	0	0.00	0	0	0	0	0	0	0	0	0	0	0	0	0	0	0	0	0	0	NULL	0	0	0	0	NULL	NULL	0	NULL	0	0	0	'0'	0	0	0	0	0	0	0	0	0	0	0	0	0	0	0	0	0	0	0	0	1	0	0	0	0	0	0	0	0	0	0	0	0	0	0	0	0	0	0	NULL	NULL	0	0	0	0	0	0	0	0	0	0	0	0	0	0	0	0	0	0	0	0	0	0	0	0	0	0	0	0	0	0	0	0	0	0	0	0	0	0	0	0	0	0	0	0	0	0	0	0	'                '	0	'             '	0	0	0	'             '	0	0	0	'             '	0	0	0	'             '	0	0	0	'             '	0	0	0	'             '	0	0	0	'             '	0	0	0	'             '	0	0	0	0	0	0	0	0	0	'0'	'      '	0	0	0	0	0	0	0	0	0	0	0	0	0	0	0	0	0	0	0	0	0	0	0	0	0	0	0	0	0	0	0	0	0	0	1	0	0	0	0	0	0	0	0	0	0	0	0	0	0	0	72	0	0	0	0	0	0	0	0	0	0	0	0	0	0	0	0	0	0	0	0	0	0	0	0	0	0	0	0	0	''	0	0	0	0	0	'                '	'                '	'                '	'                '	'                '	'                '	'                '	'                '	'                '	''	0	0	0	NULL
11718419	'0'	9176	104	4798	9302	0	0	0	''	999999	'儈痊臍牬'	'2020-08-26 16:15:22'	'2020-08-26 00:00:00'	1	0	0	0	3	0	0	2	27	'0'	'0'	60	637	637	-577	2	0	'             '	0	14	'0'	'0'	577	577	577	0	0	0	'             '	0	0	'0'	'0'	0	0	0	0	0	0	'             '	0	0	'0'	'0'	0	0	0	0	0	0	'             '	0	0	'0'	'0'	0	0	0	0	0	0	'             '	0	0	'0'	'0'	0	0	0	0	0	0	'             '	0	0	'0'	'0'	0	0	0	0	0	0	'             '	0	0	'0'	'0'	0	0	0	0	0	0	'             '	0	0	'0'	'0'	0	0	0	0	0	0	'             '	0	0	'0'	'0'	0	0	0	0	0	0	'             '	0	590	0	590	590	590	0	590	590	637	637	577	0	637	590	590	1	0	1	0	0.00	1	577	0	0	0	0	0	0	0	0	0	0	0	0	0	0	0	0	0	0	0	0	0	0	0	0	0	0	0	0	0	0	0	0	0	0	0	0	0	1	2	60	0	0	0	0	0	0	0	0	0	577	0	0	0	0	0	0	0	0	0	0	0	0	0	60	0	0	0	0	0	0	0	0	0	0	0	0	0	0	0	0	0	0	0	0	0	0	0	590	47	0	8.00	47	0	0	0	0.00	0	0	0	0	0.00	0	0	0	0	0.00	0	0	0	0	0.00	0	0	0	0	0.00	0	0	0	0	0.00	0	0	0	0	0.00	0	1	590	47	47	0	0	0	0	0	0	0	0	0	0	0	0	0	1	10	1	10	0	0	0	0	0	0	1	10	0	0	0	0	0	0	0	0	0	0	0	0	0	0	0	0	0	0	0	0	0	0	0	0	0	0	0	0	0	0	0	0	0	0	0	0	0	0	0	0	0	0	0	0	0	0	0	0	0	0	0	0	0	0	0	0	0	0	0	0	0	0	0	0	0	0	0	0	0	0	0	0	0	0	0	0	0	0	0	0	0	0	0	0	0	0	0	0	0	0	0	0	0	0	0	0	0	0	0	0	0	0	0	0	0	0	0	0	0	0	0	0	0	0	0	0	0	0	0	0	0	0	0	0	0	0	0	0	0	0	0	0	0	0	0	0	0	0	0	0	0	0	0	0	0	0	0	0	0	0	0	0	0	0	0	0	0	0	0	0	0	0	0	0	0	0	0	0	0	335	244	33	0	0	0	0	0	0	0	0	0	0	0	0	0	0	0	0	0	0	0	0	0	0	0	0	0	0	0	0	0	0	0	0	0	0	0	0	0	''	''	''	0	'0'	'0'	'0'	'0'	'0'	'0'	'0'	'0'	'0'	'0'	'0'	'0'	'0'	'0'	'                                                  '	'                                                  '	0	0	'       '	''	0	'0'	'0'	'0'	'0'	'0'	0	0	0	0	0	0	0	0	0	0	0.00	0.00	1	1	NULL	0	0	0	0	0	0	0	0	0	0	0	0	0	0	0	0	0	0	0	0	0	0	0	0	0	0	0	0	0	0	0	0	0	0	0	0	0	0	0	0	0	0	0	0	0	0.00	0	0	0	0	0	0	0	0	0	0	0	0	0	0	0	0	0	0	NULL	0	0	0	0	NULL	NULL	0	NULL	0	0	0	'0'	0	0	0	0	0	0	0	0	0	0	0	0	0	0	0	0	0	0	0	0	1	0	0	0	0	0	0	0	0	0	0	0	0	0	0	0	0	0	0	NULL	NULL	0	0	0	0	0	0	0	0	0	0	0	0	0	0	0	0	0	0	0	0	0	0	0	0	0	0	0	0	0	0	0	0	0	0	0	0	0	0	0	0	0	0	0	0	0	0	0	0	'                '	0	'             '	0	0	0	'             '	0	0	0	'             '	0	0	0	'             '	0	0	0	'             '	0	0	0	'             '	0	0	0	'             '	0	0	0	'             '	0	0	0	0	0	0	0	0	0	'0'	'      '	0	0	0	0	0	0	0	0	0	0	0	0	0	0	0	0	0	0	0	0	0	0	0	0	0	0	0	0	0	0	0	0	0	0	1	0	0	0	0	0	0	0	0	0	0	0	0	0	0	0	47	0	0	0	0	0	0	0	0	0	0	0	0	0	0	0	0	0	0	0	0	0	0	0	0	0	0	0	0	0	''	0	0	0	0	0	'                '	'                '	'                '	'                '	'                '	'                '	'                '	'                '	'                '	''	0	0	0	NULL
11718420	'0'	9176	104	4799	9303	0	0	0	''	999999	'儈痊臍牬'	'2020-08-26 17:10:35'	'2020-08-26 00:00:00'	11	0	0	0	0	0	0	0	0	'0'	'0'	0	0	0	0	0	0	'             '	0	0	'0'	'0'	0	0	0	0	0	0	'             '	0	0	'0'	'0'	0	0	0	0	0	0	'             '	0	0	'0'	'0'	0	0	0	0	0	0	'             '	0	0	'0'	'0'	0	0	0	0	0	0	'             '	0	0	'0'	'0'	0	0	0	0	0	0	'             '	0	0	'0'	'0'	0	0	0	0	0	0	'             '	0	0	'0'	'0'	0	0	0	0	0	0	'             '	0	0	'0'	'0'	0	0	0	0	0	0	'             '	0	0	'0'	'0'	0	0	0	0	0	0	'             '	0	0	0	0	0	0	0	0	0	0	0	0	0	0	0	0	0	0	0	0	0.00	0	0	0	0	0	0	0	0	0	0	0	0	0	0	0	0	0	0	0	0	0	0	0	0	0	0	0	0	0	0	0	0	0	0	0	0	0	0	0	0	0	0	0	0	0	0	0	0	0	0	0	0	0	0	0	0	0	0	0	0	0	0	0	0	0	0	0	0	0	0	0	0	0	0	0	0	0	0	0	0	0	0	0	0	0	0	0	0	0	0	0	0	0.00	0	0	0	0	0.00	0	0	0	0	0.00	0	0	0	0	0.00	0	0	0	0	0.00	0	0	0	0	0.00	0	0	0	0	0.00	0	0	0	0	0.00	0	0	0	0	0	0	0	0	0	0	0	0	0	0	0	0	0	0	0	0	0	0	0	0	0	0	0	0	0	0	0	0	0	0	0	0	0	0	0	0	0	0	0	0	0	0	0	0	0	0	0	0	0	0	0	0	0	0	0	0	0	0	0	0	0	0	0	0	0	0	0	0	0	0	0	0	0	0	0	0	0	0	0	0	0	0	0	0	0	0	0	0	0	0	0	0	0	0	0	0	0	0	0	0	0	0	0	0	0	0	0	0	0	0	0	0	0	0	0	0	0	0	0	0	0	0	0	0	0	0	0	0	0	0	0	0	0	0	0	0	0	0	0	0	0	0	0	0	0	0	0	0	0	0	0	0	0	0	0	0	0	0	0	0	0	0	0	0	0	0	0	0	0	0	0	0	0	0	0	0	0	0	0	0	0	0	0	0	0	0	0	0	0	0	0	0	0	0	242130	0	0	0	0	0	0	0	0	0	0	0	0	0	0	0	0	0	0	0	0	0	0	0	0	0	0	0	0	0	0	0	0	0	0	0	0	0	0	0	0	''	''	''	0	'0'	'0'	'0'	'0'	'0'	'0'	'0'	'0'	'0'	'0'	'0'	'0'	'0'	'0'	'                                                  '	'                                                  '	0	0	'       '	''	0	'0'	'0'	'0'	'0'	'0'	0	0	0	0	0	0	0	0	0	0	0.00	0.00	0	0	NULL	0	0	0	0	0	0	0	0	0	0	0	0	0	0	0	0	0	0	0	0	0	0	0	0	0	0	0	0	0	0	0	0	0	0	0	0	0	0	0	0	0	0	0	0	0	0.00	0	0	0	0	0	0	0	0	0	0	0	0	0	0	0	0	0	0	NULL	0	0	0	0	NULL	NULL	0	NULL	0	0	0	'0'	0	0	0	0	0	0	0	0	0	0	0	0	0	0	0	0	0	0	0	0	0	0	0	0	0	0	0	0	0	0	0	0	0	0	0	0	0	0	0	NULL	NULL	0	0	0	0	0	0	0	0	0	0	0	0	0	0	0	0	0	0	0	0	0	0	0	0	0	0	0	0	0	0	0	0	0	0	0	0	0	0	0	0	0	0	0	0	0	0	0	0	'                '	0	'             '	0	0	0	'             '	0	0	0	'             '	0	0	0	'             '	0	0	0	'             '	0	0	0	'             '	0	0	0	'             '	0	0	0	'             '	0	0	0	0	0	0	0	0	0	'0'	'      '	0	0	0	0	0	0	0	0	0	0	0	0	0	0	0	0	0	0	0	0	0	0	0	0	0	0	0	0	0	0	0	0	0	0	1	0	0	0	0	0	0	0	0	0	0	0	0	0	0	0	0	0	0	0	0	0	0	0	0	0	0	0	0	0	0	0	0	0	0	0	0	0	0	0	0	0	0	0	0	0	''	0	0	0	0	0	'                '	'                '	'                '	'                '	'                '	'                '	'                '	'                '	'                '	''	0	0	0	NULL
